tconst,titleType,primaryTitle,originalTitle,isAdult,startYear,endYear,runtimeMinutes,genres,averageRating,numVotes,keywords
tt0944947,tvSeries,Game of Thrones,Game of Thrones,0,2011,2019,57,"Action,Adventure,Drama",9.2,2142235,
tt0903747,tvSeries,Breaking Bad,Breaking Bad,0,2008,2013,49,"Crime,Drama,Thriller",9.5,1947109,
tt4574334,tvSeries,Stranger Things,Stranger Things,0,2016,2024,51,"Drama,Fantasy,Horror",8.7,1226410,
tt1520211,tvSeries,The Walking Dead,The Walking Dead,0,2010,2022,44,"Drama,Horror,Thriller",8.1,1017040,
tt0108778,tvSeries,Friends,Friends,0,1994,2004,22,"Comedy,Romance",8.9,1016319,
tt1475582,tvSeries,Sherlock,Sherlock,0,2010,2017,88,"Crime,Drama,Mystery",9.1,942674,
tt0898266,tvSeries,The Big Bang Theory,The Big Bang Theory,0,2007,2019,22,"Comedy,Romance",8.2,822710,
tt0773262,tvSeries,Dexter,Dexter,0,2006,2013,53,"Crime,Drama,Mystery",8.7,734565,
tt0460649,tvSeries,How I Met Your Mother,How I Met Your Mother,0,2005,2014,22,"Comedy,Romance",8.3,695477,
tt0386676,tvSeries,The Office,The Office,0,2005,2013,22,Comedy,9.0,627334,
tt2356777,tvSeries,True Detective,True Detective,0,2014,2019,55,"Crime,Drama,Mystery",8.9,586275,
tt2442560,tvSeries,Peaky Blinders,Peaky Blinders,0,2013,2022,60,"Crime,Drama",8.8,571288,
tt2085059,tvSeries,Black Mirror,Black Mirror,0,2011,2019,60,"Drama,Mystery,Sci-Fi",8.8,563321,
tt0411008,tvSeries,Lost,Lost,0,2004,2010,44,"Adventure,Drama,Fantasy",8.3,563098,
tt3032476,tvSeries,Better Call Saul,Better Call Saul,0,2015,2022,46,"Crime,Drama",8.9,559251,
tt0455275,tvSeries,Prison Break,Prison Break,0,2005,2017,44,"Action,Crime,Drama",8.3,546821,
tt2306299,tvSeries,Vikings,Vikings,0,2013,2020,44,"Action,Adventure,Drama",8.5,546033,
tt2861424,tvSeries,Rick and Morty,Rick and Morty,0,2013,\N,23,"Adventure,Animation,Comedy",9.1,543389,
tt1190634,tvSeries,The Boys,The Boys,0,2019,\N,60,"Action,Comedy,Crime",8.7,538046,
tt8111088,tvSeries,The Mandalorian,The Mandalorian,0,2019,\N,40,"Action,Adventure,Fantasy",8.7,518213,
tt0475784,tvSeries,Westworld,Westworld,0,2016,2022,62,"Drama,Mystery,Sci-Fi",8.5,512771,
tt5180504,tvSeries,The Witcher,The Witcher,0,2019,\N,60,"Action,Adventure,Drama",8.1,512190,
tt1856010,tvSeries,House of Cards,House of Cards,0,2013,2018,51,Drama,8.7,511291,
tt6468322,tvSeries,Money Heist,La casa de papel,0,2017,2021,70,"Action,Crime,Drama",8.2,490114,
tt0412142,tvSeries,House,House M.D.,0,2004,2012,44,"Drama,Mystery",8.7,474245,
tt10919420,tvSeries,Squid Game,Ojing-eo geim,0,2021,\N,55,"Action,Drama,Mystery",8.0,466588,
tt0460681,tvSeries,Supernatural,Supernatural,0,2005,2020,44,"Drama,Fantasy,Horror",8.4,454673,
tt3322312,tvSeries,Daredevil,Daredevil,0,2015,2018,54,"Action,Crime,Drama",8.6,449189,
tt1442437,tvSeries,Modern Family,Modern Family,0,2009,2020,22,"Comedy,Drama,Romance",8.5,443191,
tt2193021,tvSeries,Arrow,Arrow,0,2012,2020,42,"Action,Adventure,Crime",7.5,435784,
tt2707408,tvSeries,Narcos,Narcos,0,2015,2017,49,"Biography,Crime,Drama",8.8,435091,
tt1632701,tvSeries,Suits,Suits,0,2011,2019,44,"Comedy,Drama",8.5,420237,
tt0141842,tvSeries,The Sopranos,The Sopranos,0,1999,2007,55,"Crime,Drama",9.2,415510,
tt0096697,tvSeries,The Simpsons,The Simpsons,0,1989,\N,22,"Animation,Comedy",8.7,414483,
tt5753856,tvSeries,Dark,Dark,0,2017,2020,60,"Crime,Drama,Mystery",8.7,403309,
tt2560140,tvSeries,Attack on Titan,Shingeki no Kyojin,0,2013,2023,24,"Action,Adventure,Animation",9.0,400696,
tt4158110,tvSeries,Mr. Robot,Mr. Robot,0,2015,2019,49,"Crime,Drama,Thriller",8.5,395199,
tt0121955,tvSeries,South Park,South Park,0,1997,\N,22,"Animation,Comedy",8.7,381271,
tt2802850,tvSeries,Fargo,Fargo,0,2014,\N,53,"Crime,Drama,Thriller",8.9,380220,
tt3107288,tvSeries,The Flash,The Flash,0,2014,2023,43,"Action,Adventure,Drama",7.5,352878,
tt0306414,tvSeries,The Wire,The Wire,0,2002,2008,59,"Crime,Drama,Thriller",9.3,348307,
tt0182576,tvSeries,Family Guy,Family Guy,0,1999,\N,22,"Animation,Comedy",8.2,347692,
tt1796960,tvSeries,Homeland,Homeland,0,2011,2020,55,"Crime,Drama,Mystery",8.3,347101,
tt3581920,tvSeries,The Last of Us,The Last of Us,0,2023,\N,50,"Action,Adventure,Drama",8.9,342689,
tt0877057,tvSeries,Death Note,Death Note: Desu nôto,0,2006,2007,23,"Animation,Crime,Drama",9.0,336805,
tt4052886,tvSeries,Lucifer,Lucifer,0,2016,2021,42,"Crime,Drama,Fantasy",8.1,332519,
tt9140554,tvSeries,Loki,Loki,0,2021,\N,53,"Action,Adventure,Fantasy",8.2,332458,
tt1405406,tvSeries,The Vampire Diaries,The Vampire Diaries,0,2009,2017,43,"Drama,Fantasy,Horror",7.7,328546,
tt0098904,tvSeries,Seinfeld,Seinfeld,0,1989,1998,22,Comedy,8.9,327720,
tt2467372,tvSeries,Brooklyn Nine-Nine,Brooklyn Nine-Nine,0,2013,2021,22,"Comedy,Crime",8.4,327440,
tt0417299,tvSeries,Avatar: The Last Airbender,Avatar: The Last Airbender,0,2005,2008,23,"Action,Adventure,Animation",9.3,325958,
tt7631058,tvSeries,The Lord of the Rings: The Rings of Power,The Lord of the Rings: The Rings of Power,0,2022,\N,\N,"Action,Adventure,Drama",6.9,325253,
tt1844624,tvSeries,American Horror Story,American Horror Story,0,2011,\N,60,"Drama,Horror,Sci-Fi",8.0,325016,
tt5071412,tvSeries,Ozark,Ozark,0,2017,2022,60,"Crime,Drama,Thriller",8.5,323692,
tt11198330,tvSeries,House of the Dragon,House of the Dragon,0,2022,\N,\N,"Action,Adventure,Drama",8.5,319240,
tt0413573,tvSeries,Grey's Anatomy,Grey's Anatomy,0,2005,\N,41,"Drama,Romance",7.6,317585,
tt0367279,tvSeries,Arrested Development,Arrested Development,0,2003,2019,22,Comedy,8.7,310349,
tt2372162,tvSeries,Orange Is the New Black,Orange Is the New Black,0,2013,2019,59,"Comedy,Crime,Drama",8.1,307555,
tt1124373,tvSeries,Sons of Anarchy,Sons of Anarchy,0,2008,2014,45,"Crime,Drama,Thriller",8.6,304072,
tt5290382,tvSeries,Mindhunter,Mindhunter,0,2017,2019,60,"Crime,Drama,Mystery",8.6,300376,
tt1837492,tvSeries,13 Reasons Why,13 Reasons Why,0,2017,2020,60,"Drama,Mystery,Thriller",7.5,299514,
tt14392248,tvSeries,Aspirants,Aspirants,0,2021,\N,45,Drama,9.2,299169,
tt13443470,tvSeries,Wednesday,Wednesday,0,2022,\N,45,"Comedy,Crime,Fantasy",8.1,298852,
tt7767422,tvSeries,Sex Education,Sex Education,0,2019,\N,45,"Comedy,Drama",8.3,294138,
tt1439629,tvSeries,Community,Community,0,2009,2015,22,Comedy,8.5,273062,
tt0303461,tvSeries,Firefly,Firefly,0,2002,2003,44,"Adventure,Drama,Sci-Fi",9.0,269887,
tt7335184,tvSeries,You,You,0,2018,\N,45,"Crime,Drama,Romance",7.7,269764,
tt0369179,tvSeries,Two and a Half Men,Two and a Half Men,0,2003,2015,22,"Comedy,Romance",7.1,268685,
tt1266020,tvSeries,Parks and Recreation,Parks and Recreation,0,2009,2015,22,Comedy,8.6,266801,
tt0285403,tvSeries,Scrubs,Scrubs,0,2001,2010,22,"Comedy,Drama",8.4,260377,
tt2243973,tvSeries,Hannibal,Hannibal,0,2013,2015,44,"Crime,Drama,Horror",8.5,259951,
tt2661044,tvSeries,The 100,The 100,0,2014,2020,43,"Drama,Mystery,Sci-Fi",7.6,258363,
tt2741602,tvSeries,The Blacklist,The Blacklist,0,2013,2023,43,"Crime,Drama,Mystery",8.0,256845,
tt1312171,tvSeries,The Umbrella Academy,The Umbrella Academy,0,2019,2023,60,"Action,Adventure,Comedy",7.9,255288,
tt0844441,tvSeries,True Blood,True Blood,0,2008,2014,55,"Drama,Fantasy,Mystery",7.9,250156,
tt1586680,tvSeries,Shameless,Shameless,0,2011,2021,46,"Comedy,Drama",8.6,250126,
tt1119644,tvSeries,Fringe,Fringe,0,2008,2013,46,"Drama,Mystery,Sci-Fi",8.4,247188,
tt1442449,tvSeries,Spartacus,Spartacus: Blood and Sand,0,2010,2013,55,"Action,Adventure,Biography",8.5,246105,
tt5834204,tvSeries,The Handmaid's Tale,The Handmaid's Tale,0,2017,\N,60,"Drama,Sci-Fi,Thriller",8.4,244759,
tt0804503,tvSeries,Mad Men,Mad Men,0,2007,2015,47,Drama,8.7,244737,
tt0813715,tvSeries,Heroes,Heroes,0,2006,2010,45,"Drama,Fantasy,Sci-Fi",7.5,244713,
tt5675620,tvSeries,The Punisher,The Punisher,0,2017,2019,53,"Action,Crime,Drama",8.5,244066,
tt0149460,tvSeries,Futurama,Futurama,0,1999,2023,22,"Adventure,Animation,Comedy",8.5,243430,
tt10986410,tvSeries,Ted Lasso,Ted Lasso,0,2020,\N,30,"Comedy,Drama,Sport",8.8,239196,
tt3749900,tvSeries,Gotham,Gotham,0,2014,2019,42,"Action,Crime,Drama",7.8,233553,
tt0472954,tvSeries,It's Always Sunny in Philadelphia,It's Always Sunny in Philadelphia,0,2005,\N,22,Comedy,8.8,231936,
tt0106179,tvSeries,The X-Files,The X Files,0,1993,2018,45,"Crime,Drama,Mystery",8.6,231840,
tt1826940,tvSeries,New Girl,New Girl,0,2011,2018,22,"Comedy,Romance",7.8,230861,
tt0436992,tvSeries,Doctor Who,Doctor Who,0,2005,\N,45,"Adventure,Drama,Sci-Fi",8.6,229789,
tt1843230,tvSeries,Once Upon a Time,Once Upon a Time,0,2011,2018,60,"Adventure,Fantasy,Romance",7.7,228125,
tt4786824,tvSeries,The Crown,The Crown,0,2016,2023,58,"Biography,Drama,History",8.6,227554,
tt11126994,tvSeries,Arcane,Arcane: League of Legends,0,2021,\N,41,"Action,Adventure,Animation",9.0,221299,
tt2364582,tvSeries,Agents of S.H.I.E.L.D.,Agents of S.H.I.E.L.D.,0,2013,2020,45,"Action,Adventure,Drama",7.5,219624,
tt2357547,tvSeries,Jessica Jones,Jessica Jones,0,2015,2019,56,"Action,Crime,Drama",7.9,218024,
tt1606375,tvSeries,Downton Abbey,Downton Abbey,0,2010,2015,58,"Drama,Romance",8.7,211536,
tt3920596,tvSeries,Big Little Lies,Big Little Lies,0,2017,2019,60,"Crime,Drama,Mystery",8.5,206639,
tt0452046,tvSeries,Criminal Minds,Criminal Minds,0,2005,\N,42,"Crime,Drama,Mystery",8.1,205451,
tt0098936,tvSeries,Twin Peaks,Twin Peaks,0,1990,1991,47,"Crime,Drama,Mystery",8.8,202240,
tt6257970,tvSeries,The End of the F***ing World,The End of the F***ing World,0,2017,2019,25,"Adventure,Comedy,Crime",8.0,199242,
tt8772296,tvSeries,Euphoria,Euphoria,0,2019,\N,55,Drama,8.4,198885,
tt0979432,tvSeries,Boardwalk Empire,Boardwalk Empire,0,2010,2014,55,"Crime,Drama",8.6,193302,
tt7221388,tvSeries,Cobra Kai,Cobra Kai,0,2018,2023,30,"Action,Comedy,Drama",8.5,191461,
tt0285331,tvSeries,24,24,0,2001,2010,44,"Action,Crime,Drama",8.4,189775,
tt1196946,tvSeries,The Mentalist,The Mentalist,0,2008,2015,43,"Crime,Drama,Mystery",8.1,189236,
tt0904208,tvSeries,Californication,Californication,0,2007,2014,28,"Comedy,Drama",8.3,183579,
tt0165598,tvSeries,That '70s Show,That '70s Show,0,1998,2006,22,"Comedy,Drama,Romance",8.1,181504,
tt1839578,tvSeries,Person of Interest,Person of Interest,0,2011,2016,43,"Action,Crime,Drama",8.5,180048,
tt0397442,tvSeries,Gossip Girl,Gossip Girl,0,2007,2012,42,"Drama,Romance",7.5,179298,
tt9561862,tvSeries,"Love, Death & Robots","Love, Death & Robots",0,2019,\N,15,"Action,Adventure,Animation",8.4,175768,
tt2261227,tvSeries,Altered Carbon,Altered Carbon,0,2018,2020,60,"Action,Drama,Sci-Fi",7.9,175726,
tt1355642,tvSeries,Fullmetal Alchemist: Brotherhood,Hagane no renkinjutsushi,0,2009,2010,24,"Action,Adventure,Animation",9.1,175329,
tt0384766,tvSeries,Rome,Rome,0,2005,2007,52,"Action,Drama,Romance",8.7,175246,
tt10857160,tvSeries,She-Hulk: Attorney at Law,She-Hulk: Attorney at Law,0,2022,2022,35,"Action,Adventure,Comedy",5.2,173897,
tt0387199,tvSeries,Entourage,Entourage,0,2004,2011,28,"Comedy,Drama",8.5,171610,
tt1578873,tvSeries,Pretty Little Liars,Pretty Little Liars,0,2010,2017,44,"Drama,Mystery,Romance",7.4,170792,
tt4236770,tvSeries,Yellowstone,Yellowstone,0,2018,2023,60,"Drama,Western",8.7,168917,
tt0407362,tvSeries,Battlestar Galactica,Battlestar Galactica,0,2004,2009,44,"Action,Adventure,Drama",8.7,168753,
tt5687612,tvSeries,Fleabag,Fleabag,0,2016,2019,27,"Comedy,Drama",8.7,168261,
tt4955642,tvSeries,The Good Place,The Good Place,0,2016,2020,22,"Comedy,Drama,Fantasy",8.2,168163,
tt4508902,tvSeries,One Punch Man,One Punch Man: Wanpanman,0,2015,2019,24,"Action,Animation,Comedy",8.7,166675,
tt7657124,tvSeries,The Heroes,The Heroes,0,2008,\N,30,"Animation,Drama,History",8.4,166369,
tt1219024,tvSeries,Castle,Castle,0,2009,2016,43,"Comedy,Crime,Drama",8.1,165822,
tt3398228,tvSeries,BoJack Horseman,BoJack Horseman,0,2014,2020,25,"Animation,Comedy,Drama",8.8,165484,
tt0460627,tvSeries,Bones,Bones,0,2005,2017,40,"Comedy,Crime,Drama",7.8,164569,
tt3006802,tvSeries,Outlander,Outlander,0,2014,\N,60,"Drama,Fantasy,Romance",8.4,163830,
tt7660850,tvSeries,Succession,Succession,0,2018,2023,60,Drama,8.8,163786,
tt13668894,tvSeries,The Book of Boba Fett,The Book of Boba Fett,0,2021,2022,38,"Action,Adventure,Sci-Fi",7.3,161753,
tt13406094,tvSeries,The White Lotus,The White Lotus,0,2021,2023,60,"Comedy,Drama",7.9,160729,
tt3230854,tvSeries,The Expanse,The Expanse,0,2015,2022,60,"Drama,Mystery,Sci-Fi",8.5,158702,
tt1486217,tvSeries,Archer,Archer,0,2009,\N,22,"Action,Animation,Comedy",8.6,158001,
tt2431438,tvSeries,Sense8,Sense8,0,2015,2018,60,"Drama,Mystery,Sci-Fi",8.2,156995,
tt0487831,tvSeries,The IT Crowd,The IT Crowd,0,2006,2013,25,Comedy,8.5,156172,
tt3205802,tvSeries,How to Get Away with Murder,How to Get Away with Murder,0,2014,2020,43,"Crime,Drama,Mystery",8.1,155975,
tt2575988,tvSeries,Silicon Valley,Silicon Valley,0,2014,2019,28,Comedy,8.5,154559,
tt1567432,tvSeries,Teen Wolf,Teen Wolf,0,2011,2017,41,"Action,Drama,Fantasy",7.7,154318,
tt1751634,tvSeries,The Sandman,The Sandman,0,2022,\N,45,"Drama,Fantasy,Horror",7.7,153881,
tt0364845,tvSeries,NCIS,NCIS: Naval Criminal Investigative Service,0,2003,\N,60,"Action,Crime,Drama",7.8,152266,
tt0118276,tvSeries,Buffy the Vampire Slayer,Buffy the Vampire Slayer,0,1997,2003,44,"Action,Drama,Fantasy",8.3,150783,
tt1327801,tvSeries,Glee,Glee,0,2009,2015,44,"Comedy,Drama,Music",6.8,150776,
tt6741278,tvSeries,Invincible,Invincible,0,2021,\N,50,"Action,Adventure,Animation",8.7,148118,
tt5555260,tvSeries,This Is Us,This Is Us,0,2016,2022,45,"Comedy,Drama,Romance",8.7,148065,
tt5420376,tvSeries,Riverdale,Riverdale,0,2017,\N,45,"Crime,Drama,Mystery",6.6,147440,
tt12392504,tvSeries,Scam 1992: The Harshad Mehta Story,Scam 1992: The Harshad Mehta Story,0,2020,2020,54,"Biography,Crime,Drama",9.3,146992,
tt4179452,tvSeries,The Last Kingdom,The Last Kingdom,0,2015,2022,60,"Action,Drama,History",8.5,146666,
tt5057054,tvSeries,Tom Clancy's Jack Ryan,Jack Ryan,0,2018,\N,60,"Action,Drama,Thriller",8.0,146606,
tt0193676,tvSeries,Freaks and Geeks,Freaks and Geeks,0,1999,2000,44,"Comedy,Drama",8.8,145785,
tt11280740,tvSeries,Severance,Severance,0,2022,\N,55,"Drama,Mystery,Sci-Fi",8.7,144127,
tt1474684,tvSeries,Luther,Luther,0,2010,2019,60,"Crime,Drama,Mystery",8.4,143968,
tt8740790,tvSeries,Bridgerton,Bridgerton,0,2020,\N,60,"Drama,History,Romance",7.4,143325,
tt3647998,tvSeries,Taboo,Taboo,0,2017,2017,59,"Drama,Mystery,Thriller",8.3,141628,
tt0934814,tvSeries,Chuck,Chuck,0,2007,2012,43,"Action,Comedy,Drama",8.2,141077,
tt8398600,tvSeries,After Life,After Life,0,2019,2022,30,"Comedy,Drama",8.4,141071,
tt2632424,tvSeries,The Originals,The Originals,0,2013,2018,45,"Drama,Fantasy,Horror",8.3,139450,
tt0098800,tvSeries,The Fresh Prince of Bel-Air,The Fresh Prince of Bel-Air,0,1990,1996,22,Comedy,7.9,138133,
tt0248654,tvSeries,Six Feet Under,Six Feet Under,0,2001,2005,60,"Comedy,Drama",8.7,137828,
tt0214341,tvSeries,Dragon Ball Z,Dragon Ball Z,0,1989,1996,24,"Action,Adventure,Animation",8.8,135196,
tt0388629,tvSeries,One Piece,One Piece: Wan pîsu,0,1999,\N,24,"Action,Adventure,Animation",8.9,135011,
tt0212671,tvSeries,Malcolm in the Middle,Malcolm in the Middle,0,2000,2006,22,"Comedy,Family",8.1,134626,
tt1358522,tvSeries,White Collar,White Collar,0,2009,2014,40,"Comedy,Crime,Drama",8.2,134334,
tt3322314,tvSeries,Luke Cage,Luke Cage,0,2016,2018,55,"Action,Crime,Drama",7.3,133950,
tt0988824,tvSeries,Naruto: Shippuden,Naruto: Shippûden,0,2007,2017,24,"Action,Adventure,Animation",8.7,133907,
tt3322310,tvSeries,Iron Fist,Iron Fist,0,2017,2018,55,"Action,Adventure,Crime",6.4,133892,
tt9288030,tvSeries,Reacher,Reacher,0,2022,\N,49,"Action,Crime,Drama",8.1,133735,
tt3743822,tvSeries,Fear the Walking Dead,Fear the Walking Dead,0,2015,2023,44,"Drama,Horror,Sci-Fi",6.8,133280,
tt0264235,tvSeries,Curb Your Enthusiasm,Curb Your Enthusiasm,0,2000,\N,28,Comedy,8.8,132637,
tt0238784,tvSeries,Gilmore Girls,Gilmore Girls,0,2000,2007,44,"Comedy,Drama",8.2,132591,
tt0410975,tvSeries,Desperate Housewives,Desperate Housewives,0,2004,2012,45,"Comedy,Drama,Mystery",7.6,131852,
tt0279600,tvSeries,Smallville,Smallville,0,2001,2011,60,"Action,Adventure,Drama",7.5,131277,
tt0397306,tvSeries,American Dad!,American Dad!,0,2005,\N,22,"Animation,Comedy",7.4,130581,
tt0159206,tvSeries,Sex and the City,Sex and the City,0,1998,2004,30,"Comedy,Drama,Romance",7.3,130509,
tt6048596,tvSeries,The Sinner,The Sinner,0,2017,2021,45,"Crime,Drama,Mystery",7.9,129269,
tt9253284,tvSeries,Andor,Andor,0,2022,\N,40,"Action,Adventure,Drama",8.4,128510,
tt3526078,tvSeries,Schitt's Creek,Schitt's Creek,0,2015,2020,22,Comedy,8.5,127165,
tt0496424,tvSeries,30 Rock,30 Rock,0,2006,2013,22,Comedy,8.3,126567,
tt5171438,tvSeries,Star Trek: Discovery,Star Trek: Discovery,0,2017,2024,60,"Action,Adventure,Drama",7.0,126063,
tt4016454,tvSeries,Supergirl,Supergirl,0,2015,2021,43,"Action,Adventure,Drama",6.2,125864,
tt1695360,tvSeries,The Legend of Korra,The Legend of Korra,0,2012,2014,23,"Action,Adventure,Animation",8.4,125472,
tt2628232,tvSeries,Penny Dreadful,Penny Dreadful,0,2014,2016,60,"Drama,Fantasy,Horror",8.2,125112,
tt0092455,tvSeries,Star Trek: The Next Generation,Star Trek: The Next Generation,0,1987,1994,44,"Action,Adventure,Sci-Fi",8.7,125081,
tt0213338,tvSeries,Cowboy Bebop,Kaubôi bibappu: Cowboy Bebop,0,1998,1999,24,"Action,Adventure,Animation",8.9,124570,
tt0096657,tvSeries,Mr. Bean,Mr. Bean,0,1990,1995,25,"Comedy,Family",8.6,123648,
tt1830617,tvSeries,Grimm,Grimm,0,2011,2017,45,"Crime,Drama,Fantasy",7.9,123241,
tt1235099,tvSeries,Lie to Me,Lie to Me,0,2009,2011,43,"Crime,Drama,Mystery",8.0,122552,
tt7016936,tvSeries,Killing Eve,Killing Eve,0,2018,2022,42,"Action,Adventure,Drama",8.1,122206,
tt10168312,tvSeries,What If...?,What If...?,0,2021,\N,32,"Action,Adventure,Animation",7.4,121657,
tt1837642,tvSeries,Revenge,Revenge,0,2011,2015,44,"Drama,Mystery,Thriller",7.8,121603,
tt1628033,tvSeries,Top Gear,Top Gear,0,2002,\N,60,"Adventure,Comedy,Reality-TV",8.7,121251,
tt14650074,tvSeries,Dhindora,Dhindora,0,2021,\N,25,"Comedy,Drama",8.8,119055,
tt1870479,tvSeries,The Newsroom,The Newsroom,0,2012,2014,55,Drama,8.6,118416,
tt5788792,tvSeries,The Marvelous Mrs. Maisel,The Marvelous Mrs. Maisel,0,2017,2023,57,"Comedy,Drama",8.7,117798,
tt13146488,tvSeries,Peacemaker,Peacemaker,0,2022,\N,40,"Action,Adventure,Comedy",8.3,117073,
tt2249364,tvSeries,Broadchurch,Broadchurch,0,2013,2017,48,"Crime,Drama,Mystery",8.4,117059,
tt0290978,tvSeries,The Office,The Office,0,2001,2003,30,"Comedy,Drama",8.5,116111,
tt1865718,tvSeries,Gravity Falls,Gravity Falls,0,2012,2016,23,"Adventure,Animation,Comedy",8.9,115245,
tt1637727,tvSeries,The Killing,The Killing,0,2011,2014,45,"Crime,Drama,Mystery",8.3,115139,
tt2531336,tvSeries,Lupin,Lupin,0,2021,\N,45,"Action,Crime,Drama",7.5,115038,
tt2191671,tvSeries,Elementary,Elementary,0,2012,2019,60,"Crime,Drama,Mystery",7.9,113566,
tt0439100,tvSeries,Weeds,Weeds,0,2005,2012,28,"Comedy,Crime,Drama",7.9,112840,
tt2234222,tvSeries,Orphan Black,Orphan Black,0,2013,2017,44,"Drama,Sci-Fi,Thriller",8.3,112759,
tt9335498,tvSeries,Demon Slayer: Kimetsu no Yaiba,Kimetsu no Yaiba,0,2019,\N,24,"Action,Adventure,Animation",8.7,112275,
tt0203259,tvSeries,Law & Order: Special Victims Unit,Law & Order: Special Victims Unit,0,1999,\N,60,"Crime,Drama,Mystery",8.1,112045,
tt12851524,tvSeries,Only Murders in the Building,Only Murders in the Building,0,2021,\N,30,"Comedy,Crime,Drama",8.1,111214,
tt2188671,tvSeries,Bates Motel,Bates Motel,0,2013,2017,45,"Drama,Horror,Mystery",8.1,110613,
tt0348914,tvSeries,Deadwood,Deadwood,0,2004,2006,55,"Crime,Drama,History",8.6,110249,
tt2294189,tvSeries,The Fall,The Fall,0,2013,2016,60,"Crime,Drama,Thriller",8.1,109509,
tt2017109,tvSeries,Banshee,Banshee,0,2013,2016,60,"Action,Crime,Drama",8.4,108524,
tt7462410,tvSeries,The Wheel of Time,The Wheel of Time,0,2021,\N,60,"Action,Adventure,Drama",7.1,108431,
tt0409591,tvSeries,Naruto,Naruto,0,2002,2007,24,"Action,Adventure,Animation",8.4,108369,
tt1553656,tvSeries,Under the Dome,Under the Dome,0,2013,2015,43,"Drama,Mystery,Sci-Fi",6.5,108244,
tt2098220,tvSeries,Hunter x Hunter,Hunter x Hunter,0,2011,2014,24,"Action,Adventure,Animation",9.0,107893,
tt4635282,tvSeries,The OA,The OA,0,2016,2019,60,"Drama,Fantasy,Mystery",7.8,107461,
tt2375692,tvSeries,Black Sails,Black Sails,0,2014,2017,56,"Action,Adventure,Drama",8.2,107328,
tt0103359,tvSeries,Batman: The Animated Series,Batman: The Animated Series,0,1992,1995,23,"Action,Adventure,Animation",9.0,107197,
tt7203552,tvSeries,The Morning Show,The Morning Show,0,2019,\N,60,Drama,8.2,106921,
tt4532368,tvSeries,DC's Legends of Tomorrow,Legends of Tomorrow,0,2016,2022,42,"Action,Adventure,Drama",6.8,106667,
tt0092400,tvSeries,Married... with Children,Married with Children,0,1987,1997,22,Comedy,8.1,106361,
tt0460091,tvSeries,My Name Is Earl,My Name Is Earl,0,2005,2009,22,Comedy,7.8,105437,
tt8962124,tvSeries,Emily in Paris,Emily in Paris,0,2020,\N,30,"Comedy,Drama,Romance",6.9,104797,
tt1043813,tvSeries,Titans,Titans,0,2018,2023,45,"Action,Adventure,Crime",7.5,104265,
tt1740299,tvSeries,The Man in the High Castle,The Man in the High Castle,0,2015,2019,60,"Drama,Sci-Fi,Thriller",7.9,103970,
tt1489428,tvSeries,Justified,Justified,0,2010,2015,44,"Action,Crime,Drama",8.6,103606,
tt1548850,tvSeries,Misfits,Misfits,0,2009,2013,60,"Comedy,Drama,Fantasy",8.2,103220,
tt0458290,tvSeries,Star Wars: The Clone Wars,Star Wars: The Clone Wars,0,2008,2020,23,"Action,Adventure,Animation",8.4,103013,
tt2699128,tvSeries,The Leftovers,The Leftovers,0,2014,2017,60,"Drama,Fantasy,Mystery",8.3,102641,
tt2149175,tvSeries,The Americans,The Americans,0,2013,2018,44,"Crime,Drama,Mystery",8.4,102618,
tt0206512,tvSeries,SpongeBob SquarePants,SpongeBob SquarePants,0,1999,\N,23,"Animation,Comedy,Family",8.2,102370,
tt5232792,tvSeries,Lost in Space,Lost in Space,0,2018,2021,60,"Adventure,Drama,Family",7.3,101528,
tt0118421,tvSeries,Oz,Oz,0,1997,2003,55,"Crime,Drama,Thriller",8.7,101517,
tt1845307,tvSeries,2 Broke Girls,2 Broke Girls,0,2011,2017,22,Comedy,6.6,100388,
tt0491738,tvSeries,Psych,Psych,0,2006,2014,44,"Comedy,Crime,Mystery",8.4,100251,
tt1305826,tvSeries,Adventure Time,Adventure Time,0,2010,2018,11,"Action,Adventure,Animation",8.6,99387,
tt6470478,tvSeries,The Good Doctor,The Good Doctor,0,2017,\N,41,Drama,8.1,99320,
tt7520794,tvSeries,Russian Doll,Russian Doll,0,2019,\N,30,"Comedy,Drama,Mystery",7.8,99243,
tt7569592,tvSeries,Chilling Adventures of Sabrina,Chilling Adventures of Sabrina,0,2018,2020,60,"Drama,Fantasy,Horror",7.4,99208,
tt5189670,tvSeries,Making a Murderer,Making a Murderer,0,2015,2018,60,"Crime,Documentary",8.6,98052,
tt4270492,tvSeries,Billions,Billions,0,2016,\N,60,Drama,8.4,96635,
tt2788432,tvSeries,American Crime Story,American Crime Story,0,2016,\N,42,"Biography,Crime,Drama",8.4,96472,
tt0118480,tvSeries,Stargate SG-1,Stargate SG-1,0,1997,2007,44,"Action,Adventure,Drama",8.4,96005,
tt2403776,tvSeries,Shadow and Bone,Shadow and Bone,0,2021,\N,60,"Action,Adventure,Drama",7.6,95904,
tt0072500,tvSeries,Fawlty Towers,Fawlty Towers,0,1975,1979,30,Comedy,8.8,95556,
tt11743610,tvSeries,The Terminal List,The Terminal List,0,2022,\N,55,"Action,Drama,Thriller",7.9,95380,
tt9319668,tvSeries,1899,1899,0,2022,2022,60,"Drama,Horror,Mystery",7.4,94660,
tt1831164,tvSeries,Leyla and Mecnun,Leyla ile Mecnun,0,2011,\N,80,"Adventure,Comedy,Drama",9.1,94590,
tt5296406,tvSeries,Designated Survivor,Designated Survivor,0,2016,2019,60,"Action,Drama,Mystery",7.5,94411,
tt1399664,tvSeries,The Night Manager,The Night Manager,0,2016,2016,358,"Crime,Drama,Mystery",8.0,94064,
tt6315640,tvSeries,Atypical,Atypical,0,2017,2021,30,"Comedy,Drama",8.2,93636,
tt5114356,tvSeries,Legion,Legion,0,2017,2019,60,"Action,Drama,Sci-Fi",8.2,92927,
tt8064302,tvSeries,Dead to Me,Dead to Me,0,2019,2022,30,"Comedy,Crime,Drama",8.0,91929,
tt0362359,tvSeries,The O.C.,The O.C.,0,2003,2007,44,"Comedy,Drama,Romance",7.5,91694,
tt5691552,tvSeries,The Orville,The Orville,0,2017,\N,44,"Adventure,Comedy,Drama",8.0,91357,
tt3530232,tvSeries,Last Week Tonight with John Oliver,Last Week Tonight with John Oliver,0,2014,\N,30,"Comedy,News,Talk-Show",8.9,90971,
tt1462059,tvSeries,Falling Skies,Falling Skies,0,2011,2015,42,"Action,Adventure,Drama",7.1,90747,
tt3007572,tvSeries,Locke & Key,Locke & Key,0,2020,2022,48,"Drama,Fantasy,Horror",7.3,90221,
tt1220617,tvSeries,The Inbetweeners,The Inbetweeners,0,2008,2010,25,Comedy,8.4,89960,
tt9544034,tvSeries,The Family Man,The Family Man,0,2019,\N,45,"Action,Comedy,Drama",8.7,89650,
tt2071645,tvSeries,The Following,The Following,0,2013,2015,43,"Crime,Drama,Horror",7.4,89436,
tt6077448,tvSeries,Sacred Games,Sacred Games,0,2018,2019,50,"Action,Crime,Drama",8.5,89257,
tt2249007,tvSeries,Ray Donovan,Ray Donovan,0,2013,2020,60,"Crime,Drama",8.3,89096,
tt1898069,tvSeries,American Gods,American Gods,0,2017,2021,60,"Drama,Fantasy,Mystery",7.6,88533,
tt7949218,tvSeries,See,See,0,2019,2022,60,"Action,Drama,Sci-Fi",7.6,88396,
tt5348176,tvSeries,Barry,Barry,0,2018,2023,30,"Action,Comedy,Crime",8.4,87983,
tt0840196,tvSeries,Skins,Skins,0,2007,2013,46,Drama,8.2,87233,
tt0106004,tvSeries,Frasier,Frasier,0,1993,2004,22,Comedy,8.2,87228,
tt8550800,tvSeries,The Outsider,The Outsider,0,2020,2020,60,"Crime,Drama,Horror",7.7,86943,
tt8714904,tvSeries,Narcos: Mexico,Narcos: México,0,2018,2021,50,"Crime,Drama",8.4,86774,
tt0060028,tvSeries,Star Trek,Star Trek,0,1966,1969,50,"Action,Adventure,Sci-Fi",8.4,86544,
tt0158552,tvSeries,Charmed,Charmed,0,1998,2006,42,"Drama,Fantasy,Mystery",7.1,86262,
tt14452776,tvSeries,The Bear,The Bear,0,2022,\N,30,"Comedy,Drama",8.4,86248,
tt0052520,tvSeries,The Twilight Zone,The Twilight Zone,0,1959,1964,51,"Drama,Fantasy,Horror",9.1,86246,
tt3475734,tvSeries,Agent Carter,Agent Carter,0,2015,2016,42,"Action,Adventure,Crime",7.9,85430,
tt0247082,tvSeries,CSI: Crime Scene Investigation,CSI: Crime Scene Investigation,0,2000,2015,60,"Crime,Drama,Mystery",7.7,85375,
tt2070791,tvSeries,Revolution,Revolution,0,2012,2014,43,"Action,Adventure,Drama",6.6,84546,
tt1561755,tvSeries,Bob's Burgers,Bob's Burgers,0,2011,\N,22,"Animation,Comedy",8.2,84540,
tt1641349,tvSeries,Terra Nova,Terra Nova,0,2011,2011,46,"Adventure,Drama,Mystery",6.7,84457,
tt0165581,tvSeries,The King of Queens,The King of Queens,0,1998,2007,22,Comedy,7.4,84301,
tt1199099,tvSeries,Merlin,Merlin,0,2008,2012,45,"Adventure,Drama,Fantasy",7.9,83780,
tt2654620,tvSeries,The Strain,The Strain,0,2014,2017,43,"Drama,Fantasy,Horror",7.3,83071,
tt7134908,tvSeries,Elite,Élite,0,2018,\N,60,"Crime,Drama,Thriller",7.3,82903,
tt6524350,tvSeries,Big Mouth,Big Mouth,0,2017,\N,30,"Animation,Comedy,Romance",7.9,82744,
tt0286486,tvSeries,The Shield,The Shield,0,2002,2008,47,"Crime,Drama,Thriller",8.7,82693,
tt7908628,tvSeries,What We Do in the Shadows,What We Do in the Shadows,0,2019,\N,30,"Comedy,Fantasy,Horror",8.6,82693,
tt0368530,tvSeries,One Tree Hill,One Tree Hill,0,2003,2012,60,"Drama,Romance,Sport",7.8,82671,
tt11823076,tvSeries,Tiger King,"Tiger King: Murder, Mayhem and Madness",0,2020,2021,45,"Biography,Crime,Documentary",7.5,82109,
tt0121220,tvSeries,Dragon Ball Z,Dragon Ball Z: Doragon bôru zetto,0,1989,1996,24,"Action,Adventure,Animation",8.8,81924,
tt1869454,tvSeries,Good Omens,Good Omens,0,2019,2023,328,"Comedy,Fantasy",8.0,81156,
tt9170108,tvSeries,Raised by Wolves,Raised by Wolves,0,2020,2022,\N,"Drama,Fantasy,Sci-Fi",7.5,81121,
tt10795658,tvSeries,Alice in Borderland,Alice in Borderland,0,2020,\N,50,"Action,Drama,Mystery",7.7,80632,
tt1492966,tvSeries,Louie,Louie,0,2010,2015,22,"Comedy,Drama",8.5,80009,
tt0200276,tvSeries,The West Wing,The West Wing,0,1999,2006,44,Drama,8.9,79387,
tt8806524,tvSeries,Star Trek: Picard,Star Trek: Picard,0,2020,2023,46,"Action,Adventure,Drama",7.3,79148,
tt4288182,tvSeries,Atlanta,Atlanta,0,2016,2022,30,"Comedy,Drama,Music",8.6,78504,
tt5607976,tvSeries,His Dark Materials,His Dark Materials,0,2019,2022,60,"Adventure,Drama,Family",7.8,78400,
tt1442462,tvSeries,The Good Wife,The Good Wife,0,2009,2016,43,"Crime,Drama,Mystery",8.4,77944,
tt0312172,tvSeries,Monk,Monk,0,2002,2009,44,"Comedy,Crime,Drama",8.0,77762,
tt5712554,tvSeries,The Grand Tour,The Grand Tour,0,2016,\N,60,"Comedy,Sport,Talk-Show",8.7,77654,
tt2094262,tvSeries,Da Vinci's Demons,Da Vinci's Demons,0,2013,2015,60,"Adventure,Biography,Drama",7.9,77624,
tt5016504,tvSeries,Preacher,Preacher,0,2016,2019,60,"Adventure,Drama,Fantasy",7.9,76969,
tt0758790,tvSeries,The Tudors,The Tudors,0,2007,2010,60,"Drama,History,Romance",8.1,76850,
tt0810788,tvSeries,Burn Notice,Burn Notice,0,2007,2013,44,"Action,Crime,Drama",8.0,76084,
tt0063929,tvSeries,Monty Python's Flying Circus,Monty Python's Flying Circus,0,1969,1974,30,Comedy,8.8,75840,
tt1837576,tvSeries,Scandal,Scandal,0,2012,2018,43,"Drama,Thriller",7.7,75698,
tt4474344,tvSeries,Blindspot,Blindspot,0,2015,2020,42,"Action,Crime,Drama",7.3,75659,
tt4189022,tvSeries,Ash vs Evil Dead,Ash vs Evil Dead,0,2015,2018,30,"Action,Comedy,Fantasy",8.4,75450,
tt1600194,tvSeries,Hawaii Five-0,Hawaii Five-0,0,2010,2020,42,"Action,Crime,Drama",7.4,75233,
tt6473300,tvSeries,Mirzapur,Mirzapur,0,2018,\N,60,"Action,Crime,Drama",8.5,75070,
tt0412253,tvSeries,Veronica Mars,Veronica Mars,0,2004,2019,44,"Crime,Drama,Mystery",8.4,74996,
tt3502248,tvSeries,Bosch,Bosch,0,2014,2021,51,"Crime,Drama",8.5,74745,
tt2189461,tvSeries,Marco Polo,Marco Polo,0,2014,2016,60,"Action,Adventure,Drama",8.0,74588,
tt4635276,tvSeries,Master of None,Master of None,0,2015,2021,30,"Comedy,Drama",8.2,74267,
tt3339966,tvSeries,Unbreakable Kimmy Schmidt,Unbreakable Kimmy Schmidt,0,2015,2020,30,Comedy,7.6,74246,
tt1723816,tvSeries,Girls,Girls,0,2012,2017,28,"Comedy,Drama",7.4,74101,
tt9432978,tvSeries,Kota Factory,Kota Factory,0,2019,2021,45,"Comedy,Drama",9.0,74078,
tt0112159,tvSeries,Neon Genesis Evangelion,Shin seiki evangerion,0,1995,1996,24,"Action,Animation,Drama",8.5,73947,
tt12004706,tvSeries,Panchayat,Panchayat,0,2020,\N,35,"Comedy,Drama",8.9,73685,
tt0489974,tvSeries,Carnival Row,Carnival Row,0,2019,2023,56,"Crime,Drama,Fantasy",7.8,73404,
tt12411074,tvSeries,Paranormal,Paranormal,0,2020,2020,45,"Drama,Fantasy,Horror",8.0,72995,
tt0115167,tvSeries,Everybody Loves Raymond,Everybody Loves Raymond,0,1996,2005,22,Comedy,7.2,72951,
tt0421357,tvSeries,Fullmetal Alchemist,Hagane no renkinjutsushi,0,2003,2004,24,"Action,Adventure,Animation",8.5,72751,
tt0162065,tvSeries,Angel,Angel,0,1999,2004,44,"Action,Drama,Fantasy",7.9,72214,
tt8421350,tvSeries,Manifest,Manifest,0,2018,\N,43,"Drama,Mystery,Sci-Fi",7.1,71710,
tt0112178,tvSeries,Star Trek: Voyager,Star Trek: Voyager,0,1995,2001,44,"Action,Adventure,Sci-Fi",7.8,71609,
tt1733785,tvSeries,The Bridge,Bron/Broen,0,2011,2018,60,"Crime,Mystery,Thriller",8.6,71528,
tt0994314,tvSeries,Code Geass,Code Geass: Hangyaku no Lelouch,0,2006,2008,24,"Action,Animation,Drama",8.7,71414,
tt14153790,tvSeries,Velma,Velma,0,2023,\N,\N,"Adventure,Animation,Comedy",1.5,71294,
tt5580540,tvSeries,Santa Clarita Diet,Santa Clarita Diet,0,2017,2019,30,"Comedy,Horror",7.8,70761,
tt3501584,tvSeries,iZombie,iZombie,0,2015,2019,42,"Comedy,Crime,Drama",7.8,70218,
tt4093826,tvSeries,Twin Peaks,Twin Peaks,0,2017,2017,60,"Crime,Drama,Horror",8.5,69979,
tt4742876,tvSeries,TVF Pitchers,TVF Pitchers,0,2015,2022,40,"Comedy,Drama",9.1,69858,
tt6517102,tvSeries,Castlevania,Castlevania,0,2017,2021,23,"Action,Adventure,Animation",8.3,69283,
tt7826376,tvSeries,Upload,Upload,0,2020,\N,30,"Comedy,Mystery,Sci-Fi",7.9,68950,
tt4422836,tvSeries,Limitless,Limitless,0,2015,2016,42,"Comedy,Crime,Drama",7.6,68932,
tt12343534,tvSeries,Jujutsu Kaisen,Jujutsu Kaisen,0,2020,\N,24,"Action,Adventure,Animation",8.5,68822,
tt10813940,tvSeries,Ginny & Georgia,Ginny & Georgia,0,2021,\N,\N,"Comedy,Drama",7.5,68737,
tt6226232,tvSeries,Young Sheldon,Young Sheldon,0,2017,\N,30,Comedy,7.6,68593,
tt0374455,tvSeries,Stargate: Atlantis,Stargate: Atlantis,0,2004,2009,44,"Action,Adventure,Drama",8.1,68448,
tt0758745,tvSeries,Friday Night Lights,Friday Night Lights,0,2006,2011,44,"Drama,Sport",8.7,68352,
tt14852808,tvSeries,The Watcher,The Watcher,0,2022,\N,332,"Drama,Horror,Mystery",6.5,67766,
tt5626028,tvSeries,My Hero Academia,Boku no hîrô akademia,0,2016,\N,24,"Action,Adventure,Animation",8.3,67593,
tt9612516,tvSeries,Space Force,Space Force,0,2020,2022,30,Comedy,6.7,67016,
tt0353049,tvSeries,Chappelle's Show,Chappelle's Show,0,2003,2006,22,"Comedy,Music",8.8,66981,
tt8291284,tvSeries,The Peripheral,The Peripheral,0,2022,\N,\N,"Drama,Mystery,Sci-Fi",7.6,66733,
tt9446688,tvSeries,I Am Not Okay with This,I Am Not Okay with This,0,2020,2020,30,"Comedy,Drama,Fantasy",7.5,66154,
tt4145054,tvSeries,Shadowhunters,Shadowhunters: The Mortal Instruments,0,2016,2019,42,"Action,Drama,Fantasy",6.5,65828,
tt2934286,tvSeries,Halo,Halo,0,2022,\N,60,"Action,Adventure,Sci-Fi",7.1,65536,
tt0106145,tvSeries,Star Trek: Deep Space Nine,Star Trek: Deep Space Nine,0,1993,1999,45,"Action,Adventure,Drama",8.1,65358,
tt1910272,tvSeries,Steins;Gate,Steins;Gate,0,2011,2015,24,"Animation,Comedy,Drama",8.8,65262,
tt5363918,tvSeries,Disenchantment,Disenchantment,0,2018,\N,30,"Action,Adventure,Animation",7.2,64677,
tt10293938,tvSeries,Outer Banks,Outer Banks,0,2020,\N,50,"Action,Crime,Drama",7.5,64328,
tt0108757,tvSeries,ER,ER,0,1994,2009,44,"Drama,Romance",7.9,63446,
tt0804484,tvSeries,Foundation,Foundation,0,2021,\N,60,"Drama,Sci-Fi",7.4,63215,
tt4834206,tvSeries,A Series of Unfortunate Events,A Series of Unfortunate Events,0,2017,2019,50,"Adventure,Comedy,Drama",7.8,63122,
tt0863046,tvSeries,Flight of the Conchords,Flight of the Conchords,0,2007,2009,28,"Comedy,Music,Musical",8.6,62975,
tt2303687,tvSeries,Line of Duty,Line of Duty,0,2012,2021,60,"Crime,Drama,Mystery",8.7,62495,
tt10062292,tvSeries,Never Have I Ever,Never Have I Ever,0,2020,2023,30,"Comedy,Drama",7.8,62384,
tt0387764,tvSeries,Peep Show,Peep Show,0,2003,2015,25,Comedy,8.7,62250,
tt2647544,tvSeries,Sleepy Hollow,Sleepy Hollow,0,2013,2017,45,"Action,Adventure,Crime",7.3,62144,
tt7423538,tvSeries,Ratched,Ratched,0,2020,\N,60,"Crime,Drama,History",7.3,62008,
tt1954347,tvSeries,Continuum,Continuum,0,2012,2015,45,"Action,Sci-Fi,Thriller",7.6,61866,
tt1051220,tvSeries,The Shannara Chronicles,The Shannara Chronicles,0,2016,2017,42,"Adventure,Drama,Fantasy",7.1,61823,
tt4428122,tvSeries,Quantico,Quantico,0,2015,2018,42,"Crime,Drama,Mystery",6.7,61806,
tt0280249,tvSeries,Dragon Ball,Dragon Ball,0,1995,2003,24,"Action,Adventure,Animation",8.6,61411,
tt4477976,tvSeries,Superstore,Superstore,0,2015,2021,22,Comedy,7.8,61390,
tt1441135,tvSeries,Flashforward,Flashforward,0,2009,2010,42,"Drama,Mystery,Sci-Fi",7.6,61288,
tt5618256,tvSeries,Manhunt,Manhunt,0,2017,2020,60,"Biography,Crime,Drama",8.1,61199,
tt0851851,tvSeries,Terminator: The Sarah Connor Chronicles,Terminator: The Sarah Connor Chronicles,0,2008,2009,60,"Action,Drama,Fantasy",7.6,61139,
tt9680440,tvSeries,Paatal Lok,Paatal Lok,0,2020,\N,44,"Crime,Drama,Thriller",8.0,60746,
tt11117570,tvSeries,Tandav,Tandav,0,2021,\N,30,"Drama,Thriller",4.6,60595,
tt3230454,tvSeries,The Last Man on Earth,The Last Man on Earth,0,2015,2018,22,"Action,Comedy,Drama",7.3,60522,
tt2402207,tvSeries,The Last Ship,The Last Ship,0,2014,2018,60,"Action,Drama,Sci-Fi",7.4,60478,
tt0092359,tvSeries,Full House,Full House,0,1987,1995,22,"Comedy,Drama,Family",6.8,60209,
tt0088509,tvSeries,Dragon Ball,Dragon Ball: Doragon bôru,0,1986,1989,24,"Action,Adventure,Animation",8.6,59989,
tt0262150,tvSeries,Black Books,Black Books,0,2000,2004,25,Comedy,8.5,59988,
tt0866442,tvSeries,Eastbound & Down,Eastbound & Down,0,2009,2013,28,"Comedy,Drama,Sport",8.3,59957,
tt0434665,tvSeries,Bleach,Bleach: Burîchi,0,2004,2012,24,"Action,Adventure,Animation",8.2,59423,
tt2261391,tvSeries,Chicago Fire,Chicago Fire,0,2012,\N,43,"Action,Drama",8.0,59346,
tt0068098,tvSeries,M*A*S*H,M*A*S*H,0,1972,1983,25,"Comedy,Drama,War",8.4,59321,
tt3487382,tvSeries,Forever,Forever,0,2014,2015,43,"Crime,Drama,Fantasy",8.2,58989,
tt5651844,tvSeries,Travelers,Travelers,0,2016,2018,45,"Drama,Mystery,Sci-Fi",8.0,58973,
tt0313043,tvSeries,CSI: Miami,CSI: Miami,0,2002,2012,43,"Action,Crime,Drama",6.4,58749,
tt5421602,tvSeries,Anne with an E,Anne,0,2017,2019,60,"Drama,Family",8.7,58330,
tt7569576,tvSeries,The Flight Attendant,The Flight Attendant,0,2020,2022,\N,"Comedy,Drama,Mystery",7.1,58241,
tt0445114,tvSeries,Extras,Extras,0,2005,2007,30,"Comedy,Drama",8.3,58239,
tt1759761,tvSeries,Veep,Veep,0,2012,2019,28,Comedy,8.4,58196,
tt0925266,tvSeries,Pushing Daisies,Pushing Daisies,0,2007,2009,44,"Comedy,Drama,Fantasy",8.4,57832,
tt0083399,tvSeries,Cheers,Cheers,0,1982,1993,22,"Comedy,Drama",7.9,57527,
tt2618986,tvSeries,Wayward Pines,Wayward Pines,0,2015,2016,60,"Drama,Mystery,Sci-Fi",7.3,57391,
tt0157246,tvSeries,Will & Grace,Will & Grace,0,1998,2020,22,"Comedy,Romance",7.3,57323,
tt0805663,tvSeries,Jericho,Jericho,0,2006,2008,45,"Action,Drama,Mystery",7.9,57290,
tt1307824,tvSeries,V,V,0,2009,2011,42,"Drama,Sci-Fi,Thriller",6.8,57183,
tt10638036,tvSeries,Heartstopper,Heartstopper,0,2022,\N,30,"Drama,Romance",8.7,57147,
tt6156584,tvSeries,Snowpiercer,Snowpiercer,0,2020,2023,60,"Action,Drama,Sci-Fi",6.9,57091,
tt7440726,tvSeries,Your Honor,Your Honor,0,2020,2023,57,"Crime,Drama,Thriller",7.6,57007,
tt0361217,tvSeries,Nip/Tuck,Nip/Tuck,0,2003,2010,44,Drama,7.7,56957,
tt4604612,tvSeries,The Alienist,The Alienist,0,2018,2020,60,"Crime,Drama,Mystery",7.7,56147,
tt3514324,tvSeries,Scorpion,Scorpion,0,2014,2018,43,"Action,Crime,Drama",7.0,55586,
tt0187664,tvSeries,Spaced,Spaced,0,1999,2001,25,"Action,Comedy",8.6,55573,
tt12590266,tvSeries,Cyberpunk: Edgerunners,Cyberpunk: Edgerunners,0,2022,2022,24,"Action,Adventure,Animation",8.3,55537,
tt8416494,tvSeries,Doom Patrol,Doom Patrol,0,2019,2023,60,"Action,Adventure,Comedy",7.8,55486,
tt0796264,tvSeries,Eureka,Eureka,0,2006,2012,60,"Adventure,Comedy,Drama",7.9,55363,
tt0278238,tvSeries,Samurai Jack,Samurai Jack,0,2001,2017,25,"Action,Adventure,Animation",8.5,55312,
tt2177461,tvSeries,A Discovery of Witches,A Discovery of Witches,0,2018,2022,60,"Drama,Fantasy,Romance",7.9,55223,
tt0244365,tvSeries,Star Trek: Enterprise,Enterprise,0,2001,2005,60,"Action,Adventure,Drama",7.5,55092,
tt1344204,tvSeries,Blue Mountain State,Blue Mountain State,0,2010,2011,22,"Comedy,Sport",8.3,55071,
tt1378167,tvSeries,NCIS: Los Angeles,NCIS: Los Angeles,0,2009,2023,43,"Action,Crime,Drama",6.8,54951,
tt1132290,tvSeries,Warehouse 13,Warehouse 13,0,2009,2014,43,"Drama,Mystery,Sci-Fi",7.6,54937,
tt6474378,tvSeries,Good Girls,Good Girls,0,2018,2021,43,"Comedy,Crime,Drama",7.7,54717,
tt11041332,tvSeries,Yellowjackets,Yellowjackets,0,2021,\N,60,"Drama,Horror,Mystery",7.9,54705,
tt3520702,tvSeries,Bloodline,Bloodline,0,2015,2017,60,"Drama,Thriller",7.9,54667,
tt0118375,tvSeries,King of the Hill,King of the Hill,0,1997,2010,30,"Animation,Comedy,Drama",7.5,54632,
tt12809988,tvSeries,Sweet Tooth,Sweet Tooth,0,2021,\N,\N,"Action,Adventure,Drama",7.8,54450,
tt14169960,tvSeries,All of Us Are Dead,Ji-geum u-ri hak-gyo-neun,0,2022,\N,60,"Action,Drama,Fantasy",7.5,54442,
tt3489184,tvSeries,Constantine,Constantine,0,2014,2015,43,"Crime,Drama,Fantasy",7.5,54441,
tt1832979,tvSeries,Hart of Dixie,Hart of Dixie,0,2011,2015,60,"Comedy,Drama,Romance",7.7,54403,
tt0096548,tvSeries,Blackadder Goes Forth,Blackadder Goes Forth,0,1989,1989,175,"Comedy,War",8.8,54148,
tt3609352,tvSeries,Grace and Frankie,Grace and Frankie,0,2015,2022,30,Comedy,8.2,53726,
tt1610527,tvSeries,Workaholics,Workaholics,0,2011,2017,22,Comedy,8.1,53590,
tt0115082,tvSeries,3rd Rock from the Sun,3rd Rock from the Sun,0,1996,2001,60,"Comedy,Family,Sci-Fi",7.8,53518,
tt0383126,tvSeries,MythBusters,MythBusters,0,2003,2018,48,"Documentary,Mystery,Reality-TV",8.3,53378,
tt4047038,tvSeries,Dirk Gently's Holistic Detective Agency,Dirk Gently's Holistic Detective Agency,0,2016,2017,60,"Action,Adventure,Comedy",8.2,53335,
tt0081912,tvSeries,Only Fools and Horses,Only Fools and Horses....,0,1981,2003,95,Comedy,9.0,53322,
tt1699748,tvSeries,Hell on Wheels,Hell on Wheels,0,2011,2016,42,"Drama,Western",8.3,53273,
tt3566726,tvSeries,Jane the Virgin,Jane the Virgin,0,2014,2019,60,Comedy,7.9,53169,
tt4254242,tvSeries,The Magicians,The Magicians,0,2015,2020,60,"Drama,Fantasy,Mystery",7.6,52718,
tt3428912,tvSeries,Happy Valley,Happy Valley,0,2014,2023,58,"Crime,Drama,Thriller",8.5,52691,
tt13365348,tvSeries,Archive 81,Archive 81,0,2022,2022,60,"Drama,Horror,Mystery",7.3,52548,
tt1103987,tvSeries,Leverage,Leverage,0,2008,2012,42,"Crime,Mystery,Thriller",7.9,52346,
tt1592154,tvSeries,Nikita,Nikita,0,2010,2013,60,"Action,Crime,Drama",7.7,52235,
tt1582457,tvSeries,The Borgias,The Borgias,0,2011,2013,50,"Crime,Drama,History",7.9,52164,
tt0285333,tvSeries,Alias,Alias,0,2001,2006,42,"Action,Drama,Mystery",7.6,52090,
tt9059350,tvSeries,Warrior Nun,Warrior Nun,0,2020,2022,\N,"Action,Drama,Fantasy",7.0,51723,
tt1286039,tvSeries,Stargate Universe,SG.U Stargate Universe,0,2009,2011,43,"Drama,Sci-Fi",7.6,51507,
tt8179402,tvSeries,Fate: The Winx Saga,Fate: The Winx Saga,0,2021,2022,\N,"Action,Adventure,Drama",6.8,51197,
tt2710394,tvSeries,Reign,Reign,0,2013,2017,42,Drama,7.4,51108,
tt2654580,tvSeries,Almost Human,Almost Human,0,2013,2014,60,"Action,Crime,Drama",7.9,50958,
tt1442464,tvSeries,The Middle,The Middle,0,2009,2018,22,"Comedy,Family",7.6,50899,
tt0423731,tvSeries,Samurai Champloo,Samurai chanpurû,0,2004,2005,24,"Action,Adventure,Animation",8.6,50802,
tt4687880,tvSeries,Goliath,Goliath,0,2016,2021,60,Drama,8.1,50496,
tt0115157,tvSeries,Dexter's Laboratory,Dexter's Laboratory,0,1996,2003,23,"Adventure,Animation,Comedy",7.9,50484,
tt1135300,tvSeries,Dollhouse,Dollhouse,0,2009,2010,44,"Drama,Mystery,Sci-Fi",7.7,50218,
tt0072562,tvSeries,Saturday Night Live,Saturday Night Live,0,1975,\N,90,"Comedy,Music",8.0,50133,
tt2937900,tvSeries,The Knick,The Knick,0,2014,2015,58,"Drama,History",8.5,50008,
tt1480684,tvSeries,The League,The League,0,2009,2015,22,"Comedy,Sport",8.3,49995,
tt0852863,tvSeries,Phineas and Ferb,Phineas and Ferb,0,2007,2024,15,"Action,Adventure,Animation",8.1,49710,
tt11311302,tvSeries,Vikings: Valhalla,Vikings: Valhalla,0,2022,\N,51,"Action,Adventure,Drama",7.3,49551,
tt7456722,tvSeries,Hunters,Hunters,0,2020,2023,60,"Crime,Drama,Mystery",7.2,48876,
tt6611916,tvSeries,Kingdom,Kingdom,0,2019,\N,45,"Action,Drama,Horror",8.3,48842,
tt1710308,tvSeries,Regular Show,Regular Show,0,2009,2017,23,"Action,Adventure,Animation",8.5,48704,
tt3281796,tvSeries,Power,Power,0,2014,2020,50,"Crime,Drama",8.1,48331,
tt2384811,tvSeries,Utopia,Utopia,0,2013,2014,50,"Drama,Mystery,Sci-Fi",8.4,48101,
tt10834220,tvSeries,The Chestnut Man,The Chestnut Man,0,2021,\N,50,"Crime,Drama,Mystery",7.7,48001,
tt0275137,tvSeries,Justice League,Justice League,0,2001,2004,22,"Action,Adventure,Animation",8.6,47984,
tt0395843,tvSeries,CSI: NY,CSI: NY,0,2004,2013,43,"Action,Crime,Drama",6.9,47953,
tt1837654,tvSeries,The Secret Circle,The Secret Circle,0,2011,2012,45,"Drama,Fantasy,Horror",7.3,47948,
tt5770786,tvSeries,GLOW,GLOW,0,2017,2019,35,"Comedy,Drama,Sport",8.0,47902,
tt2250192,tvSeries,Sword Art Online,Sword Art Online,0,2012,\N,24,"Action,Adventure,Animation",7.5,47802,
tt6548228,tvSeries,Castle Rock,Castle Rock,0,2018,2019,60,"Drama,Fantasy,Horror",7.5,47674,
tt3865236,tvSeries,Into the Badlands,Into the Badlands,0,2015,2019,42,"Action,Adventure,Drama",7.9,47667,
tt0402711,tvSeries,Boston Legal,Boston Legal,0,2004,2008,44,"Comedy,Crime,Drama",8.5,47633,
tt0088484,tvSeries,Blackadder II,Blackadder II,0,1986,1986,176,Comedy,8.6,47631,
tt0115147,tvSeries,The Daily Show,The Daily Show,0,1996,\N,22,"Comedy,News,Talk-Show",8.3,47551,
tt0460644,tvSeries,Ghost Whisperer,Ghost Whisperer,0,2005,2010,60,"Drama,Fantasy",6.4,47532,
tt0094525,tvSeries,Poirot,Poirot,0,1989,2013,100,"Crime,Drama,Mystery",8.6,47461,
tt7772588,tvSeries,For All Mankind,For All Mankind,0,2019,\N,60,"Drama,Sci-Fi",8.0,47225,
tt7120662,tvSeries,Derry Girls,Derry Girls,0,2018,2022,30,Comedy,8.5,47215,
tt8415836,tvSeries,Guillermo del Toro's Cabinet of Curiosities,Guillermo del Toro's Cabinet of Curiosities,0,2022,\N,60,"Drama,Horror,Mystery",7.0,47078,
tt0220880,tvSeries,Courage the Cowardly Dog,Courage the Cowardly Dog,0,1999,2002,11,"Adventure,Animation,Comedy",8.3,47032,
tt2699110,tvSeries,The Affair,The Affair,0,2014,2019,60,Drama,7.9,46965,
tt2930604,tvSeries,Star Wars: Rebels,Star Wars: Rebels,0,2014,2018,22,"Action,Adventure,Animation",8.0,46693,
tt10233448,tvSeries,Vinland Saga,Vinland Saga,0,2019,\N,24,"Action,Adventure,Animation",8.8,46362,
tt2708480,tvSeries,The Terror,The Terror,0,2018,2019,60,"Adventure,Drama,Horror",7.9,46356,
tt0237123,tvSeries,Coupling,Coupling,0,2000,2004,30,"Comedy,Romance",8.6,46300,
tt0112230,tvSeries,Xena: Warrior Princess,Xena: Warrior Princess,0,1995,2001,45,"Action,Adventure,Drama",6.7,46283,
tt0290988,tvSeries,Trailer Park Boys,Trailer Park Boys,0,2001,2018,30,"Comedy,Crime",8.6,46064,
tt3148266,tvSeries,12 Monkeys,12 Monkeys,0,2015,2018,42,"Adventure,Drama,Mystery",7.7,46019,
tt0389564,tvSeries,The 4400,The 4400,0,2004,2007,43,"Drama,Mystery,Sci-Fi",7.3,45938,
tt16358384,tvSeries,Tulsa King,Tulsa King,0,2022,\N,40,"Crime,Drama",8.1,45846,
tt10541088,tvSeries,Clarkson's Farm,Clarkson's Farm,0,2021,\N,45,"Comedy,Documentary,Reality-TV",9.0,45846,
tt0101120,tvSeries,Home Improvement,Home Improvement,0,1991,1999,22,"Comedy,Family",7.2,45567,
tt0319969,tvSeries,Carnivàle,Carnivàle,0,2003,2005,55,"Drama,Fantasy,Mystery",8.4,45500,
tt6317068,tvSeries,Final Space,Final Space,0,2018,2021,30,"Action,Adventure,Animation",8.2,45409,
tt2891574,tvSeries,Ballers,Ballers,0,2015,2019,30,"Comedy,Drama,Sport",7.6,45353,
tt7587890,tvSeries,The Rookie,The Rookie,0,2018,\N,43,"Action,Crime,Drama",8.0,45321,
tt0106080,tvSeries,The Nanny,The Nanny,0,1993,1999,22,"Comedy,Family,Romance",7.0,45238,
tt1225901,tvSeries,90210,90210,0,2008,2013,60,"Comedy,Drama,Romance",6.2,45173,
tt0092324,tvSeries,Blackadder the Third,Blackadder the Third,0,1987,1987,180,Comedy,8.6,45126,
tt1663676,tvSeries,Awkward.,Awkward.,0,2011,2016,22,"Comedy,Drama,Romance",7.5,44945,
tt8712204,tvSeries,Batwoman,Batwoman,0,2019,2022,45,"Action,Adventure,Crime",3.4,44838,
tt5511582,tvSeries,Timeless,Timeless,0,2016,2018,60,"Action,Adventure,Drama",7.6,44783,
tt0805669,tvSeries,Ugly Betty,Ugly Betty,0,2006,2010,60,"Comedy,Drama,Romance",6.7,44724,
tt0103584,tvSeries,X-Men: The Animated Series,X-Men,0,1992,1997,23,"Action,Adventure,Animation",8.4,44622,
tt8242548,tvSeries,Four More Shots Please,Four More Shots Please!,0,2019,2022,60,"Comedy,Drama,Romance",5.6,44597,
tt0168366,tvSeries,Pokémon,Poketto monsutâ,0,1997,2023,24,"Action,Adventure,Animation",7.5,44525,
tt0163507,tvSeries,Whose Line Is It Anyway?,Whose Line Is It Anyway?,0,1998,2007,30,"Comedy,Game-Show",8.5,44507,
tt0094540,tvSeries,Roseanne,Roseanne,0,1988,2018,21,"Comedy,Drama",7.0,44433,
tt7671598,tvSeries,Messiah,Messiah,0,2020,2020,43,"Drama,Mystery,Thriller",7.6,44416,
tt1441109,tvSeries,Cougar Town,Cougar Town,0,2009,2015,22,"Comedy,Romance",7.0,44364,
tt0437745,tvSeries,Robot Chicken,Robot Chicken,0,2001,\N,11,"Adventure,Animation,Comedy",7.7,44345,
tt2235759,tvSeries,The Great,The Great,0,2020,\N,45,"Biography,Comedy,Drama",8.2,44295,
tt0175058,tvSeries,The Powerpuff Girls,The Powerpuff Girls,0,1998,2004,30,"Action,Adventure,Animation",7.3,44213,
tt0105958,tvSeries,Boy Meets World,Boy Meets World,0,1993,2000,23,"Comedy,Drama,Family",8.1,44200,
tt8289930,tvSeries,Formula 1: Drive to Survive,Formula 1: Drive to Survive,0,2019,\N,40,"Documentary,Sport",8.6,44194,
tt7817340,tvSeries,New Amsterdam,New Amsterdam,0,2018,2023,43,Drama,8.0,43960,
tt6905686,tvSeries,Lovecraft Country,Lovecraft Country,0,2020,2020,60,"Drama,Fantasy,Horror",7.1,43934,
tt4061080,tvSeries,Love,Love,0,2016,2018,50,"Comedy,Drama,Romance",7.7,43877,
tt22014226,tvSeries,Taaza Khabar,Taaza Khabar,0,2023,\N,29,"Action,Comedy,Drama",8.2,43794,
tt0433309,tvSeries,Numb3rs,Numb3rs,0,2005,2010,43,"Crime,Drama,Mystery",6.9,43670,
tt9077530,tvSeries,Virgin River,Virgin River,0,2019,\N,44,"Drama,Romance",7.4,43638,
tt2189221,tvSeries,Defiance,Defiance,0,2013,2015,43,"Action,Drama,Sci-Fi",6.9,43418,
tt0375355,tvSeries,Joey,Joey,0,2004,2006,22,"Comedy,Romance",6.0,43354,
tt4159076,tvSeries,Dark Matter,Dark Matter,0,2015,2017,42,"Adventure,Drama,Mystery",7.5,43334,
tt1703925,tvSeries,Wilfred,Wilfred,0,2011,2014,22,"Comedy,Drama,Mystery",7.8,43333,
tt0088526,tvSeries,The Golden Girls,The Golden Girls,0,1985,1992,30,"Comedy,Drama",8.2,43284,
tt4145384,tvSeries,Scream Queens,Scream Queens,0,2015,2016,45,"Comedy,Horror,Mystery",7.1,43088,
tt1821681,tvSeries,Touch,Touch,0,2012,2013,43,"Drama,Mystery,Sci-Fi",7.3,42976,
tt11912196,tvSeries,Asur: Welcome to Your Dark Side,Asur: Welcome to Your Dark Side,0,2020,\N,43,"Crime,Drama,Mystery",8.4,42928,
tt0348913,tvSeries,Dead Like Me,Dead Like Me,0,2003,2004,60,"Comedy,Drama,Fantasy",8.1,42761,
tt0318871,tvSeries,Berserk,Kenpuu Denki Berserk,0,1997,1998,23,"Action,Adventure,Animation",8.7,42708,
tt1641384,tvSeries,Young Justice,Young Justice,0,2010,2022,23,"Action,Adventure,Animation",8.6,42649,
tt9660182,tvSeries,Resident Evil,Resident Evil,0,2022,2022,60,"Action,Horror,Sci-Fi",4.1,42643,
tt3921180,tvSeries,Scream: The TV Series,Scream,0,2015,2019,45,"Comedy,Crime,Drama",7.0,42627,
tt1595859,tvSeries,Blue Bloods,Blue Bloods,0,2010,\N,43,"Crime,Drama,Mystery",7.7,42613,
tt0118300,tvSeries,Dawson's Creek,Dawson's Creek,0,1998,2003,60,"Drama,Romance",6.8,42494,
tt0235918,tvSeries,The Fairly OddParents,The Fairly OddParents,0,2001,2017,30,"Adventure,Animation,Comedy",7.2,42405,
tt8690918,tvSeries,Resident Alien,Resident Alien,0,2021,\N,44,"Comedy,Drama,Mystery",8.1,42279,
tt2100976,tvSeries,Impractical Jokers,Impractical Jokers,0,2011,\N,30,"Comedy,Reality-TV",8.6,42098,
tt1195935,tvSeries,The Cleveland Show,The Cleveland Show,0,2009,2013,22,"Adventure,Animation,Comedy",5.6,42046,
tt0485301,tvSeries,Torchwood,Torchwood,0,2006,2011,50,"Action,Drama,Mystery",7.7,41905,
tt5645432,tvSeries,The Old Man,The Old Man,0,2022,\N,61,"Action,Drama,Thriller",7.6,41757,
tt0111958,tvSeries,Father Ted,Father Ted,0,1995,1998,25,Comedy,8.7,41543,
tt0493093,tvSeries,Hannah Montana,Hannah Montana,0,2006,2011,23,"Comedy,Family,Music",5.2,41542,
tt2049116,tvSeries,Gomorrah,Gomorra: La serie,0,2014,2021,55,"Crime,Drama,Thriller",8.7,41224,
tt0972534,tvSeries,iCarly,iCarly,0,2007,2012,30,"Comedy,Family,Romance",6.7,41193,
tt7255502,tvSeries,The Kominsky Method,The Kominsky Method,0,2018,2021,30,"Comedy,Drama",8.2,41177,
tt1267295,tvSeries,Cowboy Bebop,Cowboy Bebop,0,2021,2021,58,"Action,Adventure,Comedy",6.7,41144,
tt2309295,tvSeries,Hemlock Grove,Hemlock Grove,0,2013,2015,46,"Drama,Fantasy,Horror",7.0,41130,
tt3358020,tvSeries,Parasyte: The Maxim,Kiseijû: Sei no kakuritsu,0,2014,2015,22,"Action,Animation,Drama",8.3,41086,
tt8068860,tvSeries,Servant,Servant,0,2019,2023,30,"Drama,Horror,Mystery",7.5,41026,
tt0363328,tvSeries,Drake & Josh,Drake & Josh,0,2004,2007,23,"Comedy,Family",7.7,41009,
tt4122068,tvSeries,Humans,Humans,0,2015,2018,42,"Drama,Sci-Fi",7.9,40717,
tt12708542,tvSeries,Star Wars: The Bad Batch,Star Wars: The Bad Batch,0,2021,\N,\N,"Action,Adventure,Animation",7.8,40693,
tt8788458,tvSeries,The Promised Neverland,Yakusoku no Neverland,0,2019,2021,23,"Action,Adventure,Animation",8.3,40611,
tt0098844,tvSeries,Law & Order,Law & Order,0,1990,\N,45,"Crime,Drama,Mystery",7.8,40514,
tt13833978,tvSeries,The Lincoln Lawyer,The Lincoln Lawyer,0,2022,\N,60,"Crime,Drama,Mystery",7.7,40508,
tt4998212,tvSeries,The Ranch,The Ranch,0,2016,2020,30,"Comedy,Drama,Western",7.5,40421,
tt2452242,tvSeries,Happy!,Happy!,0,2017,2019,60,"Action,Comedy,Crime",8.1,40355,
tt5574490,tvSeries,Animal Kingdom,Animal Kingdom,0,2016,2022,60,"Crime,Drama",8.2,40341,
tt0115341,tvSeries,Sabrina the Teenage Witch,Sabrina the Teenage Witch,0,1996,2003,22,"Comedy,Family,Fantasy",6.7,40295,
tt2805096,tvSeries,Chicago P.D.,Chicago P.D.,0,2014,\N,43,"Action,Crime,Drama",8.1,40276,
tt0088559,tvSeries,MacGyver,MacGyver,0,1985,1992,48,"Action,Adventure,Crime",7.6,40028,
tt6932244,tvSeries,Hanna,Hanna,0,2019,2021,60,"Action,Drama",7.6,39981,
tt3228904,tvSeries,Empire,Empire,0,2015,2020,42,"Drama,Music",7.4,39978,
tt1728102,tvSeries,Alcatraz,Alcatraz,0,2012,2012,60,"Action,Crime,Drama",6.9,39877,
tt9251798,tvSeries,Ragnarok,Ragnarok,0,2020,\N,45,"Action,Drama,Fantasy",7.5,39675,
tt0084967,tvSeries,The A-Team,The A-Team,0,1983,1987,60,"Action,Adventure,Crime",7.5,39601,
tt5774002,tvSeries,Jupiter's Legacy,Jupiter's Legacy,0,2021,2021,56,"Action,Adventure,Drama",6.7,39514,
tt5875444,tvSeries,Slow Horses,Slow Horses,0,2022,\N,\N,"Drama,Thriller",7.9,39396,
tt0084988,tvSeries,Blackadder,The Black Adder,0,1982,1983,195,Comedy,8.0,39285,
tt0460637,tvSeries,Everybody Hates Chris,Everybody Hates Chris,0,2005,2009,22,"Comedy,Drama,Music",7.5,39215,
tt1519931,tvSeries,Haven,Haven,0,2010,2015,60,"Crime,Drama,Fantasy",7.5,39191,
tt1587678,tvSeries,Happy Endings,Happy Endings,0,2011,2020,22,"Comedy,Romance",7.8,39079,
tt0458254,tvSeries,The Colbert Report,The Colbert Report,0,2005,2014,30,"Comedy,News,Talk-Show",8.4,38964,
tt5164196,tvSeries,Lethal Weapon,Lethal Weapon,0,2016,2019,44,"Action,Comedy,Crime",7.8,38895,
tt4326894,tvSeries,F Is for Family,F Is for Family,0,2015,2021,30,"Animation,Comedy,Drama",8.0,38874,
tt1615919,tvSeries,Raising Hope,Raising Hope,0,2010,2014,22,"Comedy,Family",8.1,38839,
tt4181172,tvSeries,Shooter,Shooter,0,2016,2018,60,"Action,Drama",7.5,38835,
tt0184111,tvSeries,"Ed, Edd n Eddy","Ed, Edd n Eddy",0,1999,2008,30,"Animation,Comedy,Family",7.5,38812,
tt0094582,tvSeries,The Wonder Years,The Wonder Years,0,1988,1993,22,"Comedy,Drama,Family",8.4,38805,
tt1819509,tvSeries,Don't Trust the B---- in Apartment 23,Don't Trust the B---- in Apartment 23,0,2012,2013,22,Comedy,7.3,38784,
tt6656238,tvSeries,The Rain,The Rain,0,2018,2020,45,"Drama,Sci-Fi,Thriller",6.3,38702,
tt2712740,tvSeries,The Goldbergs,The Goldbergs,0,2013,2023,22,Comedy,8.0,38551,
tt0053502,tvSeries,The Flintstones,The Flintstones,0,1960,1966,26,"Adventure,Animation,Comedy",7.5,38315,
tt0187636,tvSeries,Farscape,Farscape,0,1999,2003,50,"Action,Adventure,Drama",8.3,38197,
tt5011816,tvSeries,Sneaky Pete,Sneaky Pete,0,2015,2019,60,"Crime,Thriller",8.1,38028,
tt4320258,tvSeries,Dirilis: Ertugrul,Dirilis: Ertugrul,0,2014,2019,120,"Action,Adventure,Drama",7.9,38023,
tt0056751,tvSeries,Doctor Who,Doctor Who,0,1963,1989,45,"Adventure,Drama,Family",8.4,38002,
tt21279678,tvSeries,NCR Days,NCR Days,0,2022,\N,40,Drama,9.1,37748,
tt0426371,tvSeries,The Suite Life of Zack & Cody,The Suite Life of Zack & Cody,0,2005,2008,30,"Comedy,Family",6.6,37676,
tt0063950,tvSeries,"Scooby Doo, Where Are You!","Scooby Doo, Where Are You!",0,1969,1970,22,"Adventure,Animation,Comedy",7.9,37628,
tt3843168,tvSeries,Z Nation,Z Nation,0,2014,2018,44,"Action,Comedy,Drama",6.7,37596,
tt1466074,tvSeries,Columbo,Columbo,0,1971,2003,100,"Crime,Drama,Mystery",8.3,37467,
tt4209256,tvSeries,Colony,Colony,0,2016,2018,42,"Action,Adventure,Drama",7.3,37332,
tt0118360,tvSeries,Johnny Bravo,Johnny Bravo,0,1997,2004,30,"Adventure,Animation,Comedy",7.2,37310,
tt2193041,tvSeries,Beauty and the Beast,Beauty and the Beast,0,2012,2016,60,"Drama,Horror,Romance",7.0,37308,
tt7235466,tvSeries,9-1-1,9-1-1,0,2018,\N,43,"Action,Drama,Thriller",7.8,37304,
tt2137109,tvSeries,Masters of Sex,Masters of Sex,0,2013,2016,60,"Drama,Romance",7.9,37257,
tt0285351,tvSeries,According to Jim,According to Jim,0,2001,2009,30,"Comedy,Romance",6.5,37007,
tt1836037,tvSeries,Longmire,Longmire,0,2012,2017,60,"Action,Crime,Drama",8.3,36977,
tt0090390,tvSeries,ALF,ALF,0,1986,1990,30,"Comedy,Family,Sci-Fi",7.4,36766,
tt2660806,tvSeries,Mom,Mom,0,2013,2021,30,"Comedy,Drama,Romance",7.3,36722,
tt8369840,tvSeries,Another Life,Another Life,0,2019,2021,43,"Adventure,Drama,Mystery",5.3,36646,
tt2103085,tvSeries,Top of the Lake,Top of the Lake,0,2013,2017,60,"Crime,Drama,Mystery",7.4,36418,
tt0101188,tvSeries,Rugrats,Rugrats,0,1991,2006,30,"Adventure,Animation,Comedy",7.5,36403,
tt2660734,tvSeries,The Tomorrow People,The Tomorrow People,0,2013,2014,43,"Action,Drama,Sci-Fi",7.2,36390,
tt6873658,tvSeries,The Mechanism,O Mecanismo,0,2018,2019,41,"Crime,Drama,Thriller",8.0,36389,
tt5897304,tvSeries,Mob Psycho 100,Mob Psycho 100,0,2016,2022,24,"Action,Animation,Comedy",8.6,36315,
tt4396630,tvSeries,The Gifted,The Gifted,0,2017,2019,43,"Action,Drama,Fantasy",7.2,36072,
tt0096694,tvSeries,Saved by the Bell,Saved by the Bell,0,1989,1992,30,"Comedy,Family,Romance",7.1,35992,
tt1416765,tvSeries,Parenthood,Parenthood,0,2010,2015,60,"Comedy,Drama",8.3,35950,
tt7661390,tvSeries,Gangs of London,Gangs of London,0,2020,\N,60,"Action,Crime,Drama",8.1,35865,
tt0094535,tvSeries,Red Dwarf,Red Dwarf,0,1988,\N,30,"Comedy,Sci-Fi",8.4,35818,
tt14664414,tvSeries,Young Royals,Young Royals,0,2021,\N,50,"Drama,Romance",8.3,35794,
tt5288312,tvSeries,Skam,Skam,0,2015,2017,30,"Drama,Romance",8.6,35656,
tt4057372,tvSeries,Sugarland,Sugarland,0,2019,\N,\N,"Animation,Comedy,Family",8.3,35637,
tt1582350,tvSeries,Episodes,Episodes,0,2011,2017,30,Comedy,7.8,35611,
tt0083437,tvSeries,Knight Rider,Knight Rider,0,1982,1986,46,"Action,Crime,Drama",6.9,35602,
tt0799922,tvSeries,Wizards of Waverly Place,Wizards of Waverly Place,0,2007,2012,22,"Adventure,Comedy,Drama",6.9,35577,
tt0844653,tvSeries,Legend of the Seeker,Legend of the Seeker,0,2008,2010,44,"Action,Adventure,Drama",7.6,35488,
tt3061046,tvSeries,Steven Universe,Steven Universe,0,2013,2019,11,"Action,Adventure,Animation",8.2,35468,
tt0098749,tvSeries,"Beverly Hills, 90210","Beverly Hills, 90210",0,1990,2000,44,"Drama,Romance",6.5,35460,
tt1828327,tvSeries,Last Man Standing,Last Man Standing,0,2011,2021,30,Comedy,7.5,35411,
tt7668518,tvSeries,The Protector,The Protector,0,2018,2020,40,"Action,Adventure,Drama",6.5,35405,
tt9184994,tvSeries,How to Sell Drugs Online (Fast),How to Sell Drugs Online (Fast),0,2019,\N,30,"Comedy,Crime,Drama",7.8,35329,
tt1551632,tvSeries,Rizzoli & Isles,Rizzoli & Isles,0,2010,2016,\N,"Crime,Drama,Mystery",7.6,35326,
tt0118401,tvSeries,Midsomer Murders,Midsomer Murders,0,1997,\N,90,"Crime,Drama,Mystery",7.9,35227,
tt0131613,tvSeries,Teenage Mutant Ninja Turtles,Teenage Mutant Ninja Turtles,0,1987,1996,23,"Action,Adventure,Animation",7.9,35195,
tt12327578,tvSeries,Star Trek: Strange New Worlds,Star Trek: Strange New Worlds,0,2022,\N,52,"Action,Adventure,Sci-Fi",8.2,35144,
tt0086687,tvSeries,The Cosby Show,The Cosby Show,0,1984,1992,30,"Comedy,Family,Romance",7.4,34880,
tt11712058,tvSeries,Mayor of Kingstown,Mayor of Kingstown,0,2021,\N,\N,"Crime,Drama,Thriller",8.2,34848,
tt1942683,tvSeries,The Amazing World of Gumball,The Amazing World of Gumball,0,2011,2019,11,"Adventure,Animation,Comedy",8.3,34811,
tt0115200,tvSeries,Hey Arnold!,Hey Arnold!,0,1996,2004,15,"Animation,Comedy,Drama",7.6,34747,
tt9471404,tvSeries,The Chosen,The Chosen,0,2017,\N,54,"Drama,History",9.3,34656,
tt0118254,tvSeries,Ally McBeal,Ally McBeal,0,1997,2002,45,"Comedy,Drama,Fantasy",6.9,34595,
tt8634332,tvSeries,The Righteous Gemstones,The Righteous Gemstones,0,2019,\N,36,"Comedy,Drama",8.1,34542,
tt0874936,tvSeries,Life,Life,0,2007,2009,45,"Crime,Drama,Mystery",8.3,34497,
tt0053488,tvSeries,The Bugs Bunny Show,The Bugs Bunny Show,0,1960,1975,30,"Animation,Comedy",8.6,34465,
tt0790772,tvSeries,Rules of Engagement,Rules of Engagement,0,2007,2013,22,"Comedy,Romance",7.3,34456,
tt11854694,tvSeries,Special OPS,Special OPS,0,2020,\N,49,"Action,Crime,Thriller",8.6,34433,
tt1073507,tvSeries,Party Down,Party Down,0,2009,\N,30,"Comedy,Drama",8.2,34268,
tt11192306,tvSeries,Superman & Lois,Superman & Lois,0,2021,\N,42,"Action,Adventure,Drama",7.8,34192,
tt0343314,tvSeries,Teen Titans,Teen Titans,0,2003,2006,30,"Action,Adventure,Animation",7.9,34184,
tt0434706,tvSeries,Monster,Monster,0,2004,2005,24,"Animation,Crime,Drama",8.7,34161,
tt1534360,tvSeries,Ezel,Ezel,0,2009,2011,90,"Crime,Drama,Thriller",8.7,34131,
tt12805346,tvSeries,Aashram,Aashram,0,2020,2022,45,"Crime,Drama,Mystery",7.1,34127,
tt8543390,tvSeries,Modern Love,Modern Love,0,2019,2021,32,"Comedy,Romance",7.9,34023,
tt0096684,tvSeries,Quantum Leap,Quantum Leap,0,1989,1993,60,"Action,Adventure,Drama",8.2,33946,
tt2616280,tvSeries,Derek,Derek,0,2012,2014,23,"Comedy,Drama",8.1,33888,
tt1255913,tvSeries,Bored to Death,Bored to Death,0,2009,2011,28,"Comedy,Crime,Drama",7.9,33887,
tt3909224,tvSeries,The Seven Deadly Sins,Nanatsu no taizai,0,2014,2021,24,"Action,Adventure,Animation",7.9,33801,
tt10919486,tvSeries,Into the Night,Into the Night,0,2020,\N,35,"Drama,Sci-Fi,Thriller",7.1,33637,
tt8103070,tvSeries,Legacies,Legacies,0,2018,2022,45,"Adventure,Drama,Fantasy",7.3,33532,
tt11247158,tvSeries,The Legend of Vox Machina,The Legend of Vox Machina,0,2022,\N,30,"Action,Adventure,Animation",8.4,33498,
tt0204993,tvSeries,Dark Angel,Dark Angel,0,2000,2002,60,"Action,Drama,Mystery",7.3,33473,
tt2211129,tvSeries,The Mindy Project,The Mindy Project,0,2012,2017,30,Comedy,7.5,33464,
tt2578560,tvSeries,Broad City,Broad City,0,2014,2019,22,Comedy,8.4,33426,
tt5269594,tvSeries,Marcella,Marcella,0,2016,2021,45,"Crime,Drama,Mystery",7.4,33324,
tt2543312,tvSeries,Halt and Catch Fire,Halt and Catch Fire,0,2014,2017,60,Drama,8.4,33297,
tt3636060,tvSeries,Poldark,Poldark,0,2015,2019,60,"Drama,Romance",8.3,33209,
tt0092345,tvSeries,DuckTales,DuckTales,0,1987,1990,23,"Action,Adventure,Animation",8.1,33208,
tt1702042,tvSeries,An Idiot Abroad,An Idiot Abroad,0,2010,2012,43,"Adventure,Comedy,Documentary",8.3,33190,
tt16030542,tvSeries,The Recruit,The Recruit,0,2022,\N,55,"Action,Adventure,Crime",7.4,33152,
tt4202274,tvSeries,The Filthy Frank Show,The Filthy Frank Show,0,2011,2017,12,"Comedy,Short",9.2,33104,
tt8880894,tvSeries,Living with Yourself,Living with Yourself,0,2019,2019,26,"Comedy,Drama,Sci-Fi",7.2,33095,
tt2297757,tvSeries,Nathan for You,Nathan for You,0,2013,2017,30,"Comedy,Documentary",8.9,32995,
tt0112175,tvSeries,Spider-Man: The Animated Series,Spider-Man,0,1994,1998,23,"Action,Adventure,Animation",8.4,32736,
tt0105950,tvSeries,Beavis and Butt-Head,Beavis and Butt-Head,0,1993,2011,15,"Animation,Comedy,Music",7.5,32714,
tt11815682,tvSeries,Hacks,Hacks,0,2021,\N,30,"Comedy,Drama",8.2,32693,
tt13616990,tvSeries,Chainsaw Man,Chainsaw Man,0,2022,\N,25,"Action,Adventure,Animation",8.5,32659,
tt0105946,tvSeries,Babylon 5,Babylon 5,0,1993,1998,45,"Action,Adventure,Drama",8.4,32578,
tt8778064,tvSeries,The Society,The Society,0,2019,2019,58,"Drama,Mystery,Sci-Fi",7.1,32535,
tt7658402,tvSeries,Harley Quinn,Harley Quinn,0,2019,\N,23,"Action,Adventure,Animation",8.5,32497,
tt0380136,tvSeries,QI,QI,0,2003,\N,30,"Comedy,Game-Show",8.6,32472,
tt1741256,tvSeries,Suburgatory,Suburgatory,0,2011,2014,22,Comedy,7.2,32451,
tt0373732,tvSeries,The Boondocks,The Boondocks,0,2005,2014,22,"Action,Animation,Comedy",8.5,32353,
tt4565380,tvSeries,Fauda,Fauda,0,2015,\N,60,"Action,Drama,Thriller",8.3,32346,
tt1492179,tvSeries,Strike Back,Strike Back,0,2010,2020,45,"Action,Drama,Thriller",8.1,32306,
tt10850932,tvSeries,Crash Landing on You,Sa-rang-eui bul-shi-chak,0,2019,2020,70,"Adventure,Comedy,Romance",8.7,32154,
tt3895150,tvSeries,Your Lie in April,Shigatsu wa kimi no uso,0,2014,2018,23,"Animation,Comedy,Drama",8.6,31927,
tt1429449,tvSeries,Lost Girl,Lost Girl,0,2010,2016,44,"Action,Drama,Fantasy",7.6,31778,
tt13623148,tvSeries,I Am Groot,I Am Groot,0,2022,\N,4,"Action,Adventure,Animation",6.7,31754,
tt4644488,tvSeries,Dragon Ball Super,Dragon Ball Super: Doragon bôru cho,0,2015,2018,24,"Action,Adventure,Animation",8.3,31712,
tt8923854,tvSeries,Black Summer,Black Summer,0,2019,2021,40,"Action,Drama,Horror",6.6,31686,
tt6877772,tvSeries,American Vandal,American Vandal,0,2017,2018,34,"Comedy,Crime,Drama",8.1,31659,
tt1064899,tvSeries,Queen of the South,Queen of the South,0,2016,2021,42,"Action,Crime,Drama",8.0,31524,
tt2887954,tvSeries,Tokyo Vice,Tokyo Vice,0,2022,\N,60,"Crime,Drama,Thriller",8.0,31397,
tt0112123,tvSeries,Pinky and the Brain,Pinky and the Brain,0,1995,1998,30,"Adventure,Animation,Comedy",7.8,31295,
tt8210856,tvSeries,Cursed,Cursed,0,2020,2020,60,"Adventure,Drama,Fantasy",5.9,31270,
tt1986770,tvSeries,Anger Management,Anger Management,0,2012,2014,22,"Comedy,Romance",6.5,31269,
tt0478942,tvSeries,Life on Mars,Life on Mars,0,2006,2007,60,"Crime,Drama,Mystery",8.4,31163,
tt0118303,tvSeries,Dharma & Greg,Dharma & Greg,0,1997,2002,30,"Comedy,Romance",6.4,31120,
tt1795096,tvSeries,Behzat Ç.: Bir Ankara Polisiyesi,Behzat Ç.: Bir Ankara Polisiyesi,0,2010,2019,90,"Crime,Drama,Mystery",8.9,30973,
tt7927936,tvSeries,Flames,Flames,0,2018,\N,20,"Comedy,Drama,Romance",8.9,30923,
tt1958961,tvSeries,Lilyhammer,Lilyhammer,0,2012,2014,45,"Comedy,Crime,Drama",7.9,30783,
tt0914387,tvSeries,Damages,Damages,0,2007,2012,60,"Crime,Drama,Mystery",8.1,30656,
tt1086761,tvSeries,Keeping Up with the Kardashians,Keeping Up with the Kardashians,0,2007,2021,44,"Family,Reality-TV",2.8,30592,
tt8295472,tvSeries,The Order,The Order,0,2019,2020,60,"Drama,Fantasy,Horror",6.7,30542,
tt0111999,tvSeries,Hercules: The Legendary Journeys,Hercules: The Legendary Journeys,0,1995,1999,44,"Action,Adventure,Drama",6.4,30529,
tt1495708,tvSeries,Covert Affairs,Covert Affairs,0,2010,2014,60,"Action,Crime,Drama",7.3,30397,
tt7562112,tvSeries,Pose,Pose,0,2018,2021,60,Drama,8.6,30316,
tt10278918,tvSeries,Willow,Willow,0,2022,2023,\N,"Action,Adventure,Drama",5.6,30192,
tt13640670,tvSeries,Man vs. Bee,Man vs. Bee,0,2022,2022,\N,"Comedy,Family,Short",6.7,30125,
tt6487482,tvSeries,Insatiable,Insatiable,0,2018,2019,45,"Comedy,Drama,Thriller",6.5,30060,
tt4998350,tvSeries,The Deuce,The Deuce,0,2017,2019,60,Drama,8.1,30012,
tt2758950,tvSeries,Helix,Helix,0,2014,2015,40,"Drama,Horror,Mystery",6.7,29983,
tt0756509,tvSeries,Kyle XY,Kyle XY,0,2006,2009,60,"Drama,Mystery,Romance",7.5,29866,
tt0201391,tvSeries,Roswell,Roswell,0,1999,2002,42,"Drama,Mystery,Romance",7.5,29810,
tt5853176,tvSeries,The Good Fight,The Good Fight,0,2017,2022,45,"Crime,Drama",8.3,29802,
tt2296682,tvSeries,Dracula,Dracula,0,2013,2014,43,"Drama,Horror,Romance",7.3,29644,
tt5368542,tvSeries,The Exorcist,The Exorcist,0,2016,2018,45,"Drama,Horror,Mystery",7.9,29526,
tt11000902,tvSeries,Our Flag Means Death,Our Flag Means Death,0,2022,\N,30,"Action,Adventure,Biography",7.8,29506,
tt5028002,tvSeries,StartUp,StartUp,0,2016,2018,44,"Crime,Thriller",7.8,29496,
tt9737326,tvSeries,Invasion,Invasion,0,2021,\N,60,"Drama,Fantasy,Sci-Fi",6.0,29448,
tt0278866,tvSeries,Kim Possible,Kim Possible,0,2002,2007,30,"Action,Adventure,Animation",7.2,29424,
tt1183865,tvSeries,Alphas,Alphas,0,2011,2012,44,"Action,Drama,Sci-Fi",7.2,29349,
tt0115369,tvSeries,Spin City,Spin City,0,1996,2002,30,Comedy,7.3,29290,
tt0412175,tvSeries,Medium,Medium,0,2005,2011,60,"Crime,Drama,Fantasy",7.1,29191,
tt12714854,tvSeries,Mumbai Diaries 26/11,Mumbai Diaries 26/11,0,2021,\N,\N,"Drama,Thriller",8.7,29107,
tt2262532,tvSeries,The Fosters,The Fosters,0,2013,2018,60,"Drama,Romance",8.0,28981,
tt13819960,tvSeries,And Just Like That...,And Just Like That...,0,2021,\N,40,"Comedy,Drama,Romance",5.7,28907,
tt11685912,tvSeries,Outer Range,Outer Range,0,2022,\N,60,"Drama,Mystery,Thriller",7.1,28904,
tt0368479,tvSeries,Cold Case,Cold Case,0,2003,2010,44,"Crime,Drama,Mystery",7.6,28866,
tt0096542,tvSeries,Baywatch,Baywatch,0,1989,2001,60,"Action,Adventure,Crime",5.4,28695,
tt0826760,tvSeries,Forbrydelsen,Forbrydelsen,0,2007,2012,57,"Crime,Drama,Mystery",8.4,28650,
tt5137338,tvSeries,Victoria,Victoria,0,2016,2019,60,"Biography,Drama,History",8.2,28619,
tt0147746,tvSeries,Batman Beyond,Batman Beyond,0,1999,2001,23,"Action,Adventure,Animation",8.1,28612,
tt6483832,tvSeries,The Resident,The Resident,0,2018,\N,60,Drama,7.8,28599,
tt9055008,tvSeries,Evil,Evil,0,2019,\N,42,"Crime,Drama,Horror",7.7,28572,
tt4643084,tvSeries,Counterpart,Counterpart,0,2017,2019,60,"Drama,Sci-Fi,Thriller",8.0,28570,
tt0096579,tvSeries,Family Matters,Family Matters,0,1989,1998,30,"Adventure,Comedy,Drama",6.6,28493,
tt2701582,tvSeries,Endeavour,Endeavour,0,2012,2023,89,"Crime,Drama,Mystery",8.6,28475,
tt12920838,tvSeries,The Frog,The Frog,0,2020,2021,50,"Crime,Drama,Mystery",8.2,28432,
tt6473344,tvSeries,SEAL Team,SEAL Team,0,2017,\N,43,"Action,Drama,War",7.8,28429,
tt18335752,tvSeries,1923,1923,0,2022,2023,60,"Drama,Western",8.4,28408,
tt2056366,tvSeries,The Carrie Diaries,The Carrie Diaries,0,2013,2014,42,"Comedy,Drama,Romance",7.0,28385,
tt0273855,tvSeries,My Wife and Kids,My Wife and Kids,0,2001,2005,30,"Comedy,Family",6.9,28370,
tt0364828,tvSeries,Las Vegas,Las Vegas,0,2003,2008,60,"Crime,Drama",7.4,28316,
tt1983079,tvSeries,Call the Midwife,Call the Midwife,0,2012,\N,60,"Drama,History",8.6,28258,
tt3986586,tvSeries,Fuller House,Fuller House,0,2016,2020,30,"Comedy,Family",6.7,28243,
tt9184986,tvSeries,Barbarians,Barbarians,0,2020,\N,280,"Action,Adventure,Drama",7.2,28154,
tt8879940,tvSeries,Mythic Quest,Mythic Quest: Raven's Banquet,0,2020,\N,30,Comedy,7.7,28132,
tt1190689,tvSeries,Nurse Jackie,Nurse Jackie,0,2009,2015,27,"Comedy,Drama",7.8,28088,
tt9170236,tvSeries,Pieces of Her,Pieces of Her,0,2022,\N,52,"Crime,Drama,Mystery",6.3,28082,
tt3877200,tvSeries,The Missing,The Missing,0,2014,2016,60,"Crime,Drama,Mystery",8.2,28047,
tt3398540,tvSeries,Haikyu!!,Haikyuu!!,0,2014,2020,24,"Animation,Comedy,Drama",8.7,28036,
tt11301642,tvSeries,Ethos,Bir Baskadir,0,2020,2020,50,"Drama,Thriller",8.5,28010,
tt13706018,tvSeries,Spy x Family,SPY×FAMILY,0,2022,\N,24,"Action,Animation,Comedy",8.5,27959,
tt3766376,tvSeries,Vice Principals,Vice Principals,0,2016,2018,30,Comedy,8.0,27940,
tt5743796,tvSeries,Warrior,Warrior,0,2019,\N,60,"Action,Crime,Drama",8.4,27834,
tt1526318,tvSeries,Borgen,Borgen,0,2010,2022,58,Drama,8.5,27830,
tt13315156,tvSeries,First Kill,First Kill,0,2022,2022,60,"Drama,Horror,Mystery",6.5,27790,
tt14482414,tvSeries,Racket Boys,Raketsonyeondan,0,2021,\N,80,"Comedy,Drama,Sport",4.3,27749,
tt0086759,tvSeries,Miami Vice,Miami Vice,0,1984,1989,48,"Action,Crime,Drama",7.5,27708,
tt1830379,tvSeries,Top Boy,Top Boy,0,2011,\N,60,"Crime,Drama,Thriller",8.4,27693,
tt9244578,tvSeries,Rise of Empires: Ottoman,Rise of Empires: Ottoman,0,2020,2022,44,"Documentary,Drama,History",7.9,27649,
tt8809646,tvSeries,College Romance,College Romance,0,2018,\N,30,"Comedy,Drama,Romance",8.4,27623,
tt0330251,tvSeries,The L Word,The L Word,0,2004,2009,50,"Drama,Romance",7.7,27589,
tt1299368,tvSeries,Southland,Southland,0,2009,2013,42,"Crime,Drama,Thriller",8.5,27526,
tt4154858,tvSeries,Inhumans,Inhumans,0,2017,2017,43,"Action,Adventure,Sci-Fi",4.9,27511,
tt0139774,tvSeries,Dragon Ball GT,Dragon Ball GT: Doragon bôru jîtî,0,1996,1997,24,"Action,Adventure,Animation",6.8,27486,
tt0043208,tvSeries,I Love Lucy,I Love Lucy,0,1951,1957,30,"Comedy,Family",8.5,27422,
tt10826054,tvSeries,Masters of the Universe: Revelation,Masters of the Universe: Revelation,0,2021,2021,25,"Action,Adventure,Animation",5.4,27305,
tt0972412,tvSeries,Private Practice,Private Practice,0,2007,2013,60,"Comedy,Drama,Romance",6.8,27277,
tt2359704,tvSeries,JoJo's Bizarre Adventure,JoJo no Kimyô na Bôken,0,2012,\N,24,"Action,Adventure,Animation",8.5,27231,
tt1909015,tvSeries,Undercover,Pod prikritie,0,2011,2016,60,"Action,Crime,Drama",8.9,27190,
tt0361243,tvSeries,Star Wars: Clone Wars,Star Wars: Clone Wars,0,2003,2005,133,"Action,Adventure,Animation",7.8,27173,
tt1236246,tvSeries,Runaways,Runaways,0,2017,2019,60,"Action,Drama,Sci-Fi",6.9,27134,
tt0381798,tvSeries,Rescue Me,Rescue Me,0,2004,2011,60,"Comedy,Drama",8.3,26981,
tt3228420,tvSeries,You're the Worst,You're the Worst,0,2014,2019,30,"Comedy,Drama,Romance",8.1,26969,
tt0458253,tvSeries,The Closer,The Closer,0,2005,2012,46,"Crime,Drama,Mystery",7.8,26936,
tt0080240,tvSeries,"Magnum, P.I.","Magnum, P.I.",0,1980,1988,48,"Action,Adventure,Crime",7.5,26908,
tt1232320,tvSeries,Harper's Island,Harper's Island,0,2009,2009,40,"Drama,Horror,Mystery",7.4,26839,
tt13444912,tvSeries,The Midnight Club,The Midnight Club,0,2022,2022,60,"Drama,Horror,Mystery",6.5,26837,
tt2183404,tvSeries,Rectify,Rectify,0,2013,2016,60,Drama,8.3,26778,
tt12451520,tvSeries,It's Okay to Not Be Okay,Saikojiman Gwaenchanha,0,2020,2020,80,"Comedy,Drama,Romance",8.6,26759,
tt4655480,tvSeries,Chicago Med,Chicago Med,0,2015,\N,43,Drama,7.6,26755,
tt6205862,tvSeries,Inside Look: The People v. O.J. Simpson - American Crime Story,Inside Look: The People v. O.J. Simpson - American Crime Story,0,2016,2016,5,"Documentary,Short",8.4,26661,
tt1608180,tvSeries,Mike & Molly,Mike & Molly,0,2010,2016,30,"Comedy,Romance",6.5,26636,
tt9012876,tvSeries,Firefly Lane,Firefly Lane,0,2021,2023,\N,"Drama,Romance",7.4,26635,
tt1235547,tvSeries,Better Off Ted,Better Off Ted,0,2009,2010,30,"Comedy,Sci-Fi",8.2,26617,
tt1604099,tvSeries,Victorious,Victorious,0,2010,2013,30,"Comedy,Drama,Family",7.0,26616,
tt0417373,tvSeries,The Venture Bros.,The Venture Bros.,0,2003,2018,22,"Action,Adventure,Animation",8.6,26576,
tt2288064,tvSeries,Witches of East End,Witches of East End,0,2013,2014,60,"Drama,Fantasy,Horror",7.5,26569,
tt4975856,tvSeries,Future Man,Future Man,0,2017,2020,30,"Action,Adventure,Comedy",7.7,26563,
tt0071075,tvSeries,The World at War,The World at War,0,1973,1974,52,"Documentary,History,War",9.2,26548,
tt4922804,tvSeries,3%,3%,0,2016,2020,49,"Action,Drama,Sci-Fi",7.3,26542,
tt4378376,tvSeries,Babylon Berlin,Babylon Berlin,0,2017,\N,45,"Crime,Drama,Thriller",8.4,26488,
tt0126170,tvSeries,Recess,Recess,0,1997,2001,23,"Adventure,Animation,Comedy",7.9,26424,
tt0264263,tvSeries,Jackass,Jackass,0,2000,2007,535,"Action,Comedy,Reality-TV",7.3,26421,
tt3551096,tvSeries,Fresh Off the Boat,Fresh Off the Boat,0,2015,2020,22,Comedy,7.8,26386,
tt2281375,tvSeries,Nashville,Nashville,0,2012,2018,43,"Drama,Music,Romance",7.7,26354,
tt1582459,tvSeries,The Event,The Event,0,2010,2011,43,"Crime,Drama,Mystery",7.0,26330,
tt0275140,tvSeries,Law & Order: Criminal Intent,Law & Order: Criminal Intent,0,2001,2011,60,"Crime,Drama,Mystery",7.5,26310,
tt7441658,tvSeries,Black Clover,Black Clover,0,2017,2021,24,"Action,Adventure,Animation",8.3,26168,
tt6045840,tvSeries,Black Lightning,Black Lightning,0,2017,2021,43,"Action,Drama,Sci-Fi",6.1,26163,
tt0312081,tvSeries,8 Simple Rules,8 Simple Rules... for Dating My Teenage Daughter,0,2002,2005,30,"Comedy,Drama",7.0,26137,
tt8362852,tvSeries,Swamp Thing,Swamp Thing,0,2019,2019,60,"Action,Adventure,Drama",7.4,26127,
tt8910922,tvSeries,Solar Opposites,Solar Opposites,0,2020,\N,22,"Animation,Comedy,Sci-Fi",8.0,26123,
tt1595680,tvSeries,Being Human,Being Human,0,2011,2014,44,"Drama,Fantasy,Horror",7.5,26100,
tt0115083,tvSeries,7th Heaven,7th Heaven,0,1996,2007,60,"Comedy,Drama,Family",5.2,26086,
tt15477488,tvSeries,Farzi,Farzi,0,2023,\N,56,"Crime,Drama,Thriller",8.4,26048,
tt0086765,tvSeries,"Murder, She Wrote","Murder, She Wrote",0,1984,1996,50,"Crime,Drama,Mystery",7.1,26023,
tt12235718,tvSeries,Hellbound,Jiok,0,2021,\N,150,"Crime,Drama,Fantasy",6.6,25966,
tt0118298,tvSeries,Daria,Daria,0,1997,2002,30,"Animation,Comedy,Drama",8.1,25960,
tt0086659,tvSeries,'Allo 'Allo!,'Allo 'Allo!,0,1982,1992,45,"Comedy,History,War",8.4,25951,
tt5639976,tvSeries,The Mist,The Mist,0,2017,2017,42,"Drama,Horror,Mystery",5.4,25941,
tt9054904,tvSeries,Why Women Kill,Why Women Kill,0,2019,2021,50,"Comedy,Crime,Drama",8.3,25918,
tt10839422,tvSeries,Sex/Life,Sex/Life,0,2021,\N,45,"Comedy,Drama,Romance",5.5,25870,
tt3742982,tvSeries,Akame ga Kill!,Akame ga Kill!,0,2014,2014,24,"Action,Adventure,Animation",7.8,25848,
tt0297494,tvSeries,Aqua Teen Hunger Force,Aqua Teen Hunger Force,0,2000,2015,15,"Animation,Comedy",7.7,25826,
tt4406178,tvSeries,The Gilded Age,The Gilded Age,0,2022,\N,81,Drama,8.0,25817,
tt0239195,tvSeries,Survivor,Survivor,0,2000,\N,60,"Adventure,Game-Show,Reality-TV",7.5,25815,
tt5707802,tvSeries,Dear White People,Dear White People,0,2017,2021,30,"Comedy,Drama",6.3,25792,
tt1349938,tvSeries,Being Human,Being Human,0,2008,2013,60,"Comedy,Drama,Fantasy",7.8,25752,
tt1797404,tvSeries,House of Lies,House of Lies,0,2012,2016,28,"Comedy,Drama",7.4,25741,
tt1528406,tvSeries,Fairy Tail,Fairy Tail: Fearî teiru,0,2009,2019,24,"Action,Adventure,Animation",7.9,25685,
tt6905542,tvSeries,The Dark Crystal: Age of Resistance,The Dark Crystal: Age of Resistance,0,2019,2019,60,"Adventure,Animation,Family",8.4,25680,
tt6111130,tvSeries,S.W.A.T.,S.W.A.T.,0,2017,\N,43,"Action,Adventure,Crime",7.1,25676,
tt8697870,tvSeries,The Nevers,The Nevers,0,2021,2023,58,"Action,Drama,Fantasy",7.4,25629,
tt0799862,tvSeries,Caprica,Caprica,0,2009,2010,60,"Action,Drama,Sci-Fi",7.1,25624,
tt9813792,tvSeries,From,From,0,2022,\N,52,"Drama,Horror,Mystery",7.6,25480,
tt1758772,tvSeries,Switched at Birth,Switched at Birth,0,2011,2017,60,"Drama,Family,Romance",7.7,25457,
tt7008682,tvSeries,Homecoming,Homecoming,0,2018,2020,30,"Drama,Mystery,Thriller",7.4,25431,
tt0096708,tvSeries,Tales from the Crypt,Tales from the Crypt,0,1989,1996,25,"Comedy,Crime,Fantasy",8.0,25345,
tt4156586,tvSeries,Permanent Roommates,Permanent Roommates,0,2014,2016,21,"Comedy,Romance",8.6,25320,
tt3250026,tvSeries,Zoo,Zoo,0,2015,2017,42,"Drama,Mystery,Sci-Fi",6.6,25267,
tt20723374,tvSeries,Tales of the Jedi,Tales of the Jedi,0,2022,\N,15,"Action,Adventure,Animation",8.2,25235,
tt3502172,tvSeries,Mozart in the Jungle,Mozart in the Jungle,0,2014,2018,29,"Comedy,Drama,Music",8.1,25224,
tt0074028,tvSeries,The Muppet Show,The Muppet Show,0,1976,1981,30,"Comedy,Family,Music",8.4,25178,
tt4647692,tvSeries,Letterkenny,Letterkenny,0,2016,\N,30,Comedy,8.7,25130,
tt4192812,tvSeries,Unforgotten,Unforgotten,0,2015,\N,45,"Crime,Drama,Mystery",8.3,25106,
tt0163503,tvSeries,Top Gear,Top Gear,0,1978,2002,30,Documentary,8.4,25031,
tt0094517,tvSeries,Mystery Science Theater 3000,Mystery Science Theater 3000,0,1988,1999,92,"Comedy,Sci-Fi",8.7,25024,
tt0106057,tvSeries,Lois & Clark: The New Adventures of Superman,Lois & Clark: The New Adventures of Superman,0,1993,1997,46,"Adventure,Comedy,Drama",6.7,24964,
tt0358856,tvSeries,Little Britain,Little Britain,0,2003,2006,29,Comedy,7.7,24951,
tt8787802,tvSeries,Away,Away,0,2020,2020,50,"Drama,Romance,Sci-Fi",6.6,24711,
tt8688814,tvSeries,The Dragon Prince,The Dragon Prince,0,2018,\N,26,"Action,Adventure,Animation",8.3,24698,
tt0976014,tvSeries,Greek,Greek,0,2007,2011,60,"Comedy,Drama,Family",7.6,24689,
tt0292800,tvSeries,The Grim Adventures of Billy & Mandy,Grim & Evil,0,2001,2007,30,"Adventure,Animation,Comedy",7.7,24680,
tt0955346,tvSeries,Moonlight,Moonlight,0,2007,2008,60,"Drama,Fantasy,Horror",7.6,24646,
tt0955322,tvSeries,Reaper,Reaper,0,2007,2009,45,"Adventure,Comedy,Drama",7.8,24591,
tt0758737,tvSeries,Brothers & Sisters,Brothers & Sisters,0,2006,2011,60,Drama,7.4,24551,
tt12940504,tvSeries,Undercover,Undercover,0,2021,2021,50,"Action,Crime,Drama",7.8,24547,
tt0105941,tvSeries,Animaniacs,Animaniacs,0,1993,1998,21,"Adventure,Animation,Comedy",7.9,24528,
tt2226342,tvSeries,Devious Maids,Devious Maids,0,2013,2016,60,"Comedy,Drama,Mystery",7.8,24524,
tt0071007,tvSeries,Little House on the Prairie,Little House on the Prairie,0,1974,1983,60,"Drama,Family,Romance",7.5,24515,
tt1637574,tvSeries,Conan,Conan,0,2010,2021,42,"Comedy,Music,Talk-Show",8.2,24503,
tt0485842,tvSeries,Studio 60 on the Sunset Strip,Studio 60 on the Sunset Strip,0,2006,2007,44,"Comedy,Drama",8.3,24492,
tt2963254,tvSeries,Salem,Salem,0,2014,2017,60,"Drama,Fantasy,Horror",7.1,24464,
tt3155320,tvSeries,Extant,Extant,0,2014,2015,42,"Drama,Sci-Fi,Thriller",6.5,24420,
tt0459159,tvSeries,The Thick of It,The Thick of It,0,2005,2012,29,Comedy,8.7,24366,
tt1001482,tvSeries,United States of Tara,United States of Tara,0,2009,2011,30,"Comedy,Drama,Romance",8.0,24347,
tt10231312,tvSeries,Inside Job,Inside Job,0,2021,2022,30,"Animation,Comedy,Fantasy",7.7,24330,
tt1672189,tvSeries,Camelot,Camelot,0,2011,2011,45,"Drama,Fantasy",6.5,24253,
tt8595766,tvSeries,Yeh Meri Family,Yeh Meri Family,0,2018,2018,30,"Comedy,Drama,Family",9.0,24243,
tt3487356,tvSeries,Black-ish,Black-ish,0,2014,2022,22,Comedy,7.3,24213,
tt3186130,tvSeries,Vinyl,Vinyl,0,2016,2016,60,"Drama,Music",7.7,24144,
tt0103484,tvSeries,Mad About You,Mad About You,0,1992,2019,22,"Comedy,Romance",6.7,24118,
tt3501074,tvSeries,Madam Secretary,Madam Secretary,0,2014,2019,45,"Drama,Thriller",7.7,24094,
tt9398466,tvSeries,Delhi Crime,Delhi Crime,0,2019,\N,50,"Crime,Drama",8.5,24075,
tt3288518,tvSeries,Younger,Younger,0,2015,2021,22,"Comedy,Romance",7.8,24045,
tt0059968,tvSeries,Batman,Batman,0,1966,1968,25,"Action,Adventure,Comedy",7.5,24008,
tt1563069,tvSeries,Jersey Shore,Jersey Shore,0,2009,2012,40,"Comedy,Reality-TV,Romance",3.8,23960,
tt11612120,tvSeries,Sweet Home,Sweet Home,0,2020,\N,52,"Drama,Fantasy,Horror",7.3,23947,
tt11212276,tvSeries,The Sex Lives of College Girls,The Sex Lives of College Girls,0,2021,\N,27,Comedy,7.8,23923,
tt3079768,tvSeries,Dominion,Dominion,0,2014,2015,90,"Action,Drama,Fantasy",6.7,23922,
tt0154061,tvSeries,CatDog,CatDog,0,1998,2005,23,"Adventure,Animation,Comedy",6.5,23840,
tt0101178,tvSeries,The Ren & Stimpy Show,The Ren & Stimpy Show,0,1991,1996,30,"Adventure,Animation,Comedy",7.5,23688,
tt4878326,tvSeries,Wynonna Earp,Wynonna Earp,0,2016,2021,43,"Action,Drama,Fantasy",7.3,23603,
tt1888075,tvSeries,Death in Paradise,Death in Paradise,0,2011,\N,60,"Comedy,Crime,Drama",7.8,23569,
tt4524056,tvSeries,Vis a vis,Vis a vis,0,2015,2019,53,"Action,Adventure,Drama",8.2,23551,
tt14269590,tvSeries,Poker Face,Poker Face,0,2023,\N,58,"Crime,Drama,Mystery",8.0,23513,
tt15677150,tvSeries,Shrinking,Shrinking,0,2023,\N,33,"Comedy,Drama",8.0,23508,
tt6128300,tvSeries,Dynasty,Dynasty,0,2017,2022,42,Drama,7.3,23480,
tt7971476,tvSeries,The Politician,The Politician,0,2019,2020,42,"Comedy,Drama",7.5,23425,
tt14218830,tvSeries,Abbott Elementary,Abbott Elementary,0,2021,\N,22,Comedy,8.2,23396,
tt11204260,tvSeries,I May Destroy You,I May Destroy You,0,2020,2020,30,Drama,8.1,23378,
tt3663490,tvSeries,The Librarians,The Librarians,0,2014,2018,42,"Action,Adventure,Comedy",7.2,23374,
tt4354880,tvSeries,Mr. Mercedes,Mr. Mercedes,0,2017,2019,60,"Crime,Drama,Mystery",7.8,23371,
tt1409055,tvSeries,Dragon Ball Z Kai,Dragon Ball Kai: Doragon bôru kai,0,2009,2015,24,"Action,Adventure,Animation",8.3,23347,
tt1981558,tvSeries,Key and Peele,Key and Peele,0,2012,2015,30,"Action,Adventure,Comedy",8.3,23321,
tt0419326,tvSeries,Foster's Home for Imaginary Friends,Foster's Home for Imaginary Friends,0,2004,2009,30,"Adventure,Animation,Comedy",7.6,23249,
tt6342474,tvSeries,Boruto: Naruto Next Generations,Boruto: Naruto Next Generations,0,2017,\N,23,"Action,Adventure,Animation",6.7,23238,
tt6170874,tvSeries,Salvation,Salvation,0,2017,2018,43,"Drama,Sci-Fi,Thriller",6.9,23210,
tt0106064,tvSeries,Mighty Morphin Power Rangers,Mighty Morphin Power Rangers,0,1993,1996,30,"Action,Adventure,Family",6.5,23192,
tt2568204,tvSeries,Tyrant,Tyrant,0,2014,2016,60,"Action,Drama,Thriller",7.7,23125,
tt3561180,tvSeries,Trapped,Ófærð,0,2015,\N,60,"Crime,Drama,Mystery",8.0,23118,
tt8633062,tvSeries,The Wilds,The Wilds,0,2020,2022,60,"Adventure,Drama,Mystery",7.3,23074,
tt11794642,tvSeries,Big Sky,Big Sky,0,2020,\N,60,"Crime,Drama,Mystery",6.8,23057,
tt5994364,tvSeries,Guardian: The Lonely and Great God,Sseul-sseul-ha-go cha-ran-ha-sin-do-ggae-bi,0,2016,2017,120,"Comedy,Drama,Fantasy",8.6,23046,
tt0416394,tvSeries,The Mighty Boosh,The Mighty Boosh,0,2003,2007,30,"Comedy,Fantasy,Musical",8.4,23042,
tt5295524,tvSeries,Crashing,Crashing,0,2016,2016,30,Comedy,7.6,23033,
tt5197820,tvSeries,Van Helsing,Van Helsing,0,2016,2021,43,"Action,Drama,Fantasy",6.2,23029,
tt8226360,tvSeries,A League of Their Own,A League of Their Own,0,2022,\N,60,"Comedy,Drama,Sport",7.5,23004,
tt0379632,tvSeries,Hustle,Hustle,0,2004,2012,60,"Crime,Drama,Mystery",8.2,23002,
tt15469618,tvSeries,Bad Sisters,Bad Sisters,0,2022,\N,53,"Comedy,Drama,Thriller",8.3,22993,
tt4592410,tvSeries,The Get Down,The Get Down,0,2016,2017,52,"Drama,Music,Musical",8.2,22980,
tt3502262,tvSeries,Transparent,Transparent,0,2014,2019,30,"Comedy,Drama",7.8,22968,
tt2433738,tvSeries,Wentworth,Wentworth,0,2013,2021,45,"Crime,Drama,Thriller",8.6,22950,
tt15591076,tvSeries,That '90s Show,That '90s Show,0,2023,\N,30,"Comedy,Drama,Romance",6.4,22938,
tt10075318,tvSeries,The Gift,Atiye,0,2019,2021,40,"Drama,Fantasy,Mystery",7.0,22904,
tt0086661,tvSeries,The Adventures of Sherlock Holmes,The Adventures of Sherlock Holmes,0,1984,1985,60,"Crime,Drama,Mystery",8.7,22889,
tt0883772,tvSeries,Man vs. Wild,Man vs. Wild,0,2006,2020,60,"Adventure,Reality-TV",8.2,22871,
tt2733252,tvSeries,The Musketeers,The Musketeers,0,2014,2016,55,"Adventure,Drama",7.8,22860,
tt1415889,tvSeries,Good Luck Charlie,Good Luck Charlie,0,2010,2014,22,"Comedy,Drama,Family",7.1,22846,
tt12306692,tvSeries,American Horror Stories,American Horror Stories,0,2021,\N,45,"Drama,Horror,Mystery",6.2,22759,
tt3952222,tvSeries,Killjoys,Killjoys,0,2015,2019,42,"Action,Adventure,Sci-Fi",7.2,22719,
tt0251439,tvSeries,Trigun,Trigun,0,1998,1998,24,"Action,Adventure,Animation",8.2,22657,
tt7945720,tvSeries,Dirty John,Dirty John,0,2018,\N,44,"Crime,Drama",7.2,22646,
tt0057733,tvSeries,Bewitched,Bewitched,0,1964,1972,25,"Comedy,Family,Fantasy",7.6,22622,
tt11771270,tvSeries,The English,The English,0,2022,\N,51,"Drama,Western",7.9,22569,
tt0210418,tvSeries,Digimon: Digital Monsters,Digimon: Digital Monsters,0,1999,2007,24,"Action,Adventure,Animation",7.3,22563,
tt0086817,tvSeries,The Transformers,Transformers,0,1984,1987,30,"Action,Adventure,Animation",8.0,22539,
tt8388390,tvSeries,Chucky,Chucky,0,2021,\N,42,"Horror,Thriller",7.3,22522,
tt6116060,tvSeries,The Bold Type,The Bold Type,0,2017,2021,45,"Comedy,Drama",7.8,22507,
tt0760437,tvSeries,Ben 10,Ben 10,0,2005,2008,22,"Action,Adventure,Animation",7.4,22463,
tt1229413,tvSeries,Hung,Hung,0,2009,2011,30,"Comedy,Drama",7.2,22460,
tt0320808,tvSeries,"The Adventures of Jimmy Neutron, Boy Genius","The Adventures of Jimmy Neutron, Boy Genius",0,2002,2006,24,"Adventure,Animation,Comedy",6.7,22423,
tt0421030,tvSeries,Big Love,Big Love,0,2006,2011,60,Drama,7.7,22378,
tt2543328,tvSeries,TURN: Washington's Spies,Turn,0,2014,2017,60,"Drama,History,War",8.1,22362,
tt0460690,tvSeries,The Unit,The Unit,0,2006,2009,60,"Action,Drama,Thriller",8.0,22321,
tt2771780,tvSeries,Teen Titans Go!,Teen Titans Go!,0,2013,\N,10,"Action,Adventure,Animation",5.4,22306,
tt4686698,tvSeries,Frontier,Frontier,0,2016,2018,60,"Adventure,Drama,History",7.1,22294,
tt11846996,tvSeries,Vigil,Vigil,0,2021,\N,60,"Crime,Drama,Mystery",7.4,22293,
tt3498622,tvSeries,Fortitude,Fortitude,0,2015,2018,60,"Drama,Horror,Mystery",7.3,22263,
tt0055683,tvSeries,The Jetsons,The Jetsons,0,1962,1963,25,"Animation,Comedy,Family",7.0,22242,
tt11570202,tvSeries,The Silent Sea,The Silent Sea,0,2021,\N,45,"Adventure,Drama,Mystery",6.9,22238,
tt13138834,tvSeries,Time,Time,0,2021,\N,59,"Crime,Drama",8.2,22108,
tt14016500,tvSeries,The Summer I Turned Pretty,The Summer I Turned Pretty,0,2022,\N,45,"Drama,Romance",7.4,22075,
tt9679542,tvSeries,Dr. Stone,Dokutaa Sutoon,0,2019,\N,24,"Action,Adventure,Animation",8.1,22066,
tt0249327,tvSeries,Yu-Gi-Oh!,Yu-Gi-Oh!,0,2000,2006,24,"Action,Adventure,Animation",7.3,22023,
tt2077823,tvSeries,Perry Mason,Perry Mason,0,2020,\N,60,"Crime,Drama,History",7.6,22020,
tt1399045,tvSeries,MacGyver,MacGyver,0,2016,2021,43,"Action,Adventure,Drama",5.3,22019,
tt1780441,tvSeries,Portlandia,Portlandia,0,2011,2018,22,Comedy,7.8,21934,
tt0085033,tvSeries,Inspector Gadget,Inspector Gadget,0,1983,1986,30,"Action,Adventure,Animation",6.7,21911,
tt5565334,tvSeries,Friends from College,Friends from College,0,2017,2019,30,"Comedy,Drama",6.9,21894,
tt0319931,tvSeries,American Idol,American Idol: The Search for a Superstar,0,2002,\N,42,"Game-Show,Music,Reality-TV",4.2,21892,
tt9447956,tvSeries,The Fame Game,The Fame Game,0,2022,2022,45,"Drama,Mystery,Thriller",6.8,21890,
tt1714204,tvSeries,Perception,Perception,0,2012,2015,42,"Crime,Drama,Mystery",7.5,21883,
tt23900194,tvSeries,Harry & Meghan,Harry & Meghan,0,2022,2022,58,Documentary,4.9,21868,
tt2172103,tvSeries,Last Resort,Last Resort,0,2012,2013,60,"Action,Drama,Mystery",7.3,21832,
tt0235923,tvSeries,Invader ZIM,Invader ZIM,0,2001,2006,24,"Action,Adventure,Animation",8.4,21830,
tt1319735,tvSeries,Royal Pains,Royal Pains,0,2009,2016,42,"Comedy,Drama",7.1,21781,
tt0965394,tvSeries,Sanctuary,Sanctuary,0,2008,2011,44,"Action,Drama,Fantasy",7.3,21732,
tt10327354,tvSeries,Prodigal Son,Prodigal Son,0,2019,2021,44,"Crime,Drama,Mystery",7.7,21727,
tt2183641,tvSeries,Ripper Street,Ripper Street,0,2012,2016,59,"Crime,Drama,Mystery",8.1,21689,
tt0088571,tvSeries,Moonlighting,Moonlighting,0,1985,1989,60,"Comedy,Drama,Mystery",7.6,21654,
tt0437005,tvSeries,Hell's Kitchen,Hell's Kitchen,0,2005,\N,42,"Game-Show,Reality-TV",7.1,21594,
tt8101850,tvSeries,Undone,Undone,0,2019,\N,23,"Animation,Drama,Fantasy",8.2,21549,
tt1751105,tvSeries,My Little Pony: Friendship Is Magic,My Little Pony: Friendship Is Magic,0,2010,2020,22,"Adventure,Animation,Comedy",7.7,21549,
tt8755226,tvSeries,Daybreak,Daybreak,0,2019,2019,60,"Action,Adventure,Comedy",6.7,21497,
tt0262985,tvSeries,Queer as Folk,Queer as Folk,0,1999,2005,47,"Drama,Romance",8.5,21429,
tt14192814,tvSeries,Kursadzije,Kursadzije,0,2006,2013,\N,"Comedy,Drama,Horror",8.4,21415,
tt1353056,tvSeries,RuPaul's Drag Race,RuPaul's Drag Race,0,2009,\N,63,"Game-Show,Reality-TV",8.5,21350,
tt0268093,tvSeries,Ramayan,Ramayan,0,1987,1988,30,"Adventure,Drama,Family",9.0,21342,
tt10244600,tvSeries,Winning Time: The Rise of the Lakers Dynasty,Winning Time: The Rise of the Lakers Dynasty,0,2022,\N,59,"Biography,Drama,Sport",8.3,21340,
tt11639414,tvSeries,The Midnight Gospel,The Midnight Gospel,0,2020,2020,23,"Adventure,Animation,Comedy",8.2,21298,
tt4094300,tvSeries,Crazy Ex-Girlfriend,Crazy Ex-Girlfriend,0,2015,2019,42,"Comedy,Musical",7.8,21266,
tt0370194,tvSeries,Reno 911!,Reno 911!,0,2003,\N,22,"Comedy,Crime",7.9,21232,
tt0312109,tvSeries,Codename: Kids Next Door,Codename: Kids Next Door,0,2002,2008,23,"Action,Adventure,Animation",7.2,21231,
tt7078710,tvSeries,Everything Sucks!,Everything Sucks!,0,2018,2018,30,"Comedy,Drama",7.5,21204,
tt5614844,tvSeries,Cloak & Dagger,Cloak & Dagger,0,2018,2019,44,"Action,Adventure,Drama",6.6,21196,
tt1839683,tvSeries,Awake,Awake,0,2012,2012,43,"Drama,Fantasy,Mystery",7.9,21191,
tt0908454,tvSeries,Gavin & Stacey,Gavin & Stacey,0,2007,2019,29,"Comedy,Drama,Romance",8.2,21190,
tt0108872,tvSeries,My So-Called Life,My So-Called Life,0,1994,1995,60,"Comedy,Drama,Romance",8.4,21184,
tt4051832,tvSeries,Lovesick,Lovesick,0,2014,2018,24,Comedy,8.0,21161,
tt4555364,tvSeries,Knightfall,Knightfall,0,2017,2019,60,"Action,Adventure,Drama",6.8,21069,
tt0129690,tvSeries,I'm Alan Partridge,I'm Alan Partridge,0,1997,2002,29,Comedy,8.6,21050,
tt13433812,tvSeries,Vincenzo,Binsenjo,0,2021,\N,80,"Action,Comedy,Crime",8.4,21017,
tt2311418,tvSeries,Isler Güçler,Isler Güçler,0,2012,2013,86,Comedy,8.6,21005,
tt11379026,tvSeries,Ghosts,Ghosts,0,2021,\N,\N,"Comedy,Fantasy",7.9,20972,
tt0106115,tvSeries,Rocko's Modern Life,Rocko's Modern Life,0,1993,1996,30,"Animation,Comedy,Family",7.9,20963,
tt10234362,tvSeries,Avenue 5,Avenue 5,0,2020,2022,\N,"Comedy,Sci-Fi",6.6,20948,
tt3337194,tvSeries,From Dusk Till Dawn: The Series,From Dusk Till Dawn: The Series,0,2014,2016,45,"Action,Crime,Fantasy",6.8,20921,
tt2177489,tvSeries,Baby Daddy,Baby Daddy,0,2012,2017,22,"Comedy,Drama,Family",7.3,20905,
tt9064858,tvSeries,Them,Them,0,2021,\N,45,"Drama,Horror,Thriller",7.4,20900,
tt1819654,tvSeries,Ringer,Ringer,0,2011,2012,44,"Crime,Drama,Mystery",6.9,20896,
tt0118289,tvSeries,Cow and Chicken,Cow and Chicken,0,1997,1999,30,"Adventure,Animation,Comedy",6.6,20848,
tt4276618,tvSeries,C.B. Strike,Strike,0,2017,\N,60,"Crime,Drama,Mystery",7.9,20837,
tt0425118,tvSeries,I Know This Much Is True,I Know This Much Is True,0,2020,2020,378,Drama,8.1,20803,
tt0118364,tvSeries,Just Shoot Me!,Just Shoot Me!,0,1997,2003,30,Comedy,6.9,20789,
tt2521668,tvSeries,The Returned,Les revenants,0,2012,2015,52,"Drama,Fantasy,Horror",8.1,20772,
tt5827228,tvSeries,Bull,Bull,0,2016,2022,60,"Comedy,Crime,Drama",7.1,20770,
tt0386180,tvSeries,Drawn Together,Drawn Together,0,2004,2007,22,"Animation,Comedy,Reality-TV",7.1,20750,
tt4374208,tvSeries,Catastrophe,Catastrophe,0,2015,2019,24,Comedy,8.2,20746,
tt0321021,tvSeries,Without a Trace,Without a Trace,0,2002,2009,60,"Crime,Drama,Mystery",7.0,20721,
tt10802170,tvSeries,The Rehearsal,The Rehearsal,0,2022,\N,30,"Comedy,Documentary",8.6,20651,
tt0300865,tvSeries,That's So Raven,That's So Raven,0,2003,2007,30,"Comedy,Family,Fantasy",6.6,20566,
tt4602768,tvSeries,Doctor Foster: A Woman Scorned,Doctor Foster,0,2015,2017,60,Thriller,7.7,20547,
tt1758589,tvSeries,Dash & Lily,Dash & Lily,0,2020,2020,\N,"Comedy,Drama,Romance",7.5,20540,
tt8235236,tvSeries,Paradise PD,Paradise PD,0,2018,2022,28,"Action,Animation,Comedy",6.8,20534,
tt6466208,tvSeries,Breathe,Breathe,0,2018,2018,45,"Crime,Drama,Thriller",8.3,20510,
tt0057729,tvSeries,The Addams Family,The Addams Family,0,1964,1966,30,"Comedy,Family,Horror",8.0,20468,
tt0096557,tvSeries,Chip 'n' Dale Rescue Rangers,Chip 'n Dale: Rescue Rangers,0,1989,1990,22,"Action,Adventure,Animation",7.6,20454,
tt0105929,tvSeries,Absolutely Fabulous,Absolutely Fabulous,0,1992,2012,45,Comedy,8.2,20452,
tt8741290,tvSeries,Tales from the Loop,Tales from the Loop,0,2020,2020,50,"Drama,Sci-Fi",7.4,20421,
tt1179817,tvSeries,The Secret Life of the American Teenager,The Secret Life of the American Teenager,0,2008,2013,43,"Comedy,Drama,Family",4.9,20414,
tt8531222,tvSeries,Dave,Dave,0,2020,\N,30,"Comedy,Music",8.3,20409,
tt14500082,tvSeries,How I Met Your Father,How I Met Your Father,0,2022,\N,24,"Comedy,Drama",5.5,20407,
tt6439752,tvSeries,Snowfall,Snowfall,0,2017,2023,44,"Crime,Drama",8.3,20378,
tt0259141,tvSeries,Jackie Chan Adventures,Jackie Chan Adventures,0,2000,2005,30,"Action,Adventure,Animation",7.4,20292,
tt1280822,tvSeries,Drop Dead Diva,Drop Dead Diva,0,2009,2014,60,"Comedy,Drama",7.5,20247,
tt14069590,tvSeries,Dota: Dragon's Blood,Dota: Dragon's Blood,0,2021,\N,25,"Action,Adventure,Animation",7.8,20240,
tt2300923,tvSeries,Go On,Go On,0,2012,2013,22,Comedy,7.5,20229,
tt5057130,tvSeries,Medici,Medici,0,2016,2019,60,"Biography,Drama,History",7.9,20218,
tt7472896,tvSeries,Mr Inbetween,Mr Inbetween,0,2018,2021,30,"Crime,Drama",8.6,20209,
tt2396135,tvSeries,Shetland,Shetland,0,2013,\N,60,"Crime,Drama,Mystery",8.2,20208,
tt10577736,tvSeries,Tehran,Tehran,0,2020,\N,45,"Action,Crime,Drama",7.6,20206,
tt1826805,tvSeries,Pan Am,Pan Am,0,2011,2012,42,"Drama,History,Romance",7.0,20184,
tt2379308,tvSeries,Psycho-Pass,Psycho-Pass,0,2012,\N,25,"Action,Animation,Crime",8.2,20182,
tt0158417,tvSeries,Mahabharat,Mahabharat,0,1988,1990,45,"Adventure,Drama,History",9.0,20169,
tt5607616,tvSeries,"Re: Zero, Starting Life in Another World",Re:Zero kara hajimeru isekai seikatsu,0,2016,\N,24,"Adventure,Animation,Drama",8.1,20160,
